raw_name,canonical_name,is_supplement,n_mentions,reviewed,notes
magnesium,Magnesium,True,244,no,
vitamin D,Vitamin D,True,213,no,
Vitamin D,Vitamin D,True,179,no,
black cohosh,Black Cohosh,True,165,no,
HRT,HRT,True,119,no,
collagen,Collagen,True,116,no,
creatine,Creatine,True,108,no,
ashwagandha,Ashwagandha,True,100,no,
Magnesium,Magnesium,True,100,no,
calcium,Calcium,True,88,no,
"Dr. Haver’s #1 New York Times bestselling book, The New Menopause",The New Menopause,False,85,no,
protein,Protein,True,80,no,
Omega 3,Omega-3,True,68,no,
magnesium glycinate,Magnesium,True,67,no,
supplements,Not a supplement,False,67,no,
omega-3,Omega-3,True,63,no,
Ashwagandha,Ashwagandha,True,60,no,
Shatavari,Shatavari,True,60,no,
Black Cohosh,Black Cohosh,True,59,no,
Creatine,Creatine,True,55,no,
Dr. Haver’s #1 New York Times bestselling book,Dr. Haver’s #1 New York Times bestselling book,False,55,no,
Omega-3,Omega-3,True,54,no,
progesterone,Progesterone,True,54,no,
turmeric,Turmeric,True,53,no,
probiotics,Probiotics,True,52,no,
vitamin C,Vitamin C,True,50,no,
testosterone,Testosterone,True,48,no,
K2,Vitamin K,True,44,no,
fiber,Fiber,True,43,no,
vitamin D3,Vitamin D,True,43,no,
hormone therapy,Hormone Therapy,False,40,no,
zinc,Zinc,True,38,no,
hormone replacement therapy,Hormone Replacement Therapy,False,37,no,
Magnesium Glycinate,Magnesium,True,37,no,
vitamin E,Vitamin E,True,36,no,
estrogen,Estrogen,False,34,no,
B vitamins,B Vitamins,True,32,no,
L-theanine,L-Theanine,True,32,no,
B12,Vitamin B12,True,32,no,
Vitamin D3,Vitamin D,True,32,no,
Calcium,Calcium,True,31,no,
iron,Iron,True,31,no,
omega-3 fatty acids,Omega-3,True,30,no,
probiotic,Probiotic,True,30,no,
Perimeno Health,Perimeno Health,True,29,no,
omega-3s,Omega-3,True,28,no,
melatonin,Melatonin,True,26,no,
NMN,NMN,True,26,no,
vaginal estrogen,Estrogen,False,25,no,
Omega-3s,Omega-3,True,25,no,
Vitamin E,Vitamin E,True,25,no,
red clover,Red Clover,True,24,no,
The New Menopause,The New Menopause,False,24,no,
Vitamin C,Vitamin C,True,23,no,
chasteberry,Chasteberry,True,22,no,
Meno-Chill,Meno-Chill,True,22,no,
"Dr. Haver’s new book, The New Perimenopause",The New Perimenopause,False,22,no,
vitamin B6,Vitamin B6,True,22,no,
Magnesium glycinate,Magnesium,True,21,no,
multivitamin,Multivitamin,True,21,no,
vitamin K,Vitamin K,True,21,no,
Amberen,Amberen,True,20,no,
vitamin B12,Vitamin B12,True,20,no,
Black cohosh,Black Cohosh,True,19,no,
Collagen,Collagen,True,19,no,
Fiber,Fiber,True,19,no,
protein powder,Protein,True,19,no,
sage,Sage,True,19,no,
Turmeric,Turmeric,True,19,no,
Protein,Protein,True,18,no,
Probiotics,Probiotics,True,17,no,
soy,Soy,True,17,no,
Vitamin B12,Vitamin B12,True,17,no,
Black Girl Vitamins,Black Girl Vitamins,True,16,no,
creatine monohydrate,Creatine,True,16,no,
our supplements,Not a supplement,False,16,no,
phytoestrogens,Phytoestrogens,True,16,no,
Vitamin K,Vitamin K,True,16,no,
coenzyme Q10,Coenzyme Q10,True,15,no,
DIM,DIM,True,15,no,
evening primrose oil,Evening Primrose Oil,True,15,no,
fiber supplement,Fiber,True,15,no,
MenoChill,MenoChill,True,15,no,
Menopause Support,Menopause Support,True,15,no,
soy isoflavones,Soy Isoflavones,True,15,no,
Superbalance,Superbalance,True,15,no,
Vitamina D,Vitamin D,True,15,no,
Hormone Harmony,Hormone Harmony,False,14,no,
O Positive,O Positive,False,14,no,
Omega-3 Fatty Acids,Omega-3,True,14,no,
shatavari,Shatavari,True,14,no,
vitamins,Vitamin,True,14,no,
Vitamin B6,Vitamin B6,True,14,no,
medication,medication,False,14,no,
B complex,B Complex,True,13,no,
estrogen patch,Estrogen,False,13,no,
flax seeds,Flaxseed,True,13,no,
Hormonal Balance,Hormonal Balance,False,13,no,
inositol,Inositol,True,13,no,
fabÜ MENO & PERI,Meno & Peri,True,13,no,
strength training,Not a supplement,False,13,no,
pills,Not a supplement,False,13,no,
Probiotic,Probiotic,True,13,no,
Progesterone,Progesterone,True,13,no,
vitamin D supplement,Vitamin D,True,13,no,
Vitamin D3 + K2,Vitamin D,True,13,no,
Vitamin K2,Vitamin K,True,13,no,
Berberine,Berberine,True,12,no,
berberine,Berberine,True,12,no,
CoQ10,CoQ10,True,12,no,
DHEA,DHEA,True,12,no,
EllaNu,EllaNu,True,12,no,
estriol,Estriol,True,12,no,
Evening Primrose Oil,Evening Primrose Oil,True,12,no,
Komi Quadro,Komi Quadro,True,12,no,
maca root,Maca Root,True,12,no,
magnesium threonate,Magnesium,True,12,no,
omega‑3,Omega-3,True,12,no,
Perimeno Health - Perimenopause Support Capsules,Perimeno Health,True,12,no,
beef organ supplement,Beef Organ,True,11,no,
Earthful Multivitamin Women 40+,Earthful Multivitamin,True,11,no,
Estrogen,Estrogen,True,11,no,
flaxseed,Flaxseed,True,11,no,
Gut Harmony,Gut Harmony,True,11,no,
maca,Maca,True,11,no,
magnesium citrate,Magnesium,True,11,no,
Midi Health,Midi Health,False,11,no,
NouriTress Hair Products,NouriTress,False,11,no,
omega 3,Omega-3,True,11,no,
trt,TRT,False,11,no,
hormones,hormones,False,11,no,
Hormone Therapy,Hormone Therapy,False,10,no,
Maca,Maca,True,10,no,
Magnesio,Magnesium,True,10,no,
Menofix,Menofix,True,10,no,
Myo-Inositol,Myo-Inositol,True,10,no,
this,Not answerable,False,10,no,
Pepcid,Pepcid,True,10,no,
pomegranate,Pomegranate,True,10,no,
The New Perimenopause,The New Perimenopause,False,10,no,
B6,Vitamin B6,True,10,no,
vitamin K2,Vitamin K,True,10,no,
collagen product,Collagen,True,9,no,
Estroven,Estroven,True,9,no,
Ever Balance,Ever Balance,False,9,no,
Fiber GDX,Fiber,True,9,no,
GLP-1,GLP-1,True,9,no,
lion's mane,Lion's Mane,True,9,no,
Meno Chill,Meno Chill,True,9,no,
Menopause Plus,Menopause Plus,True,9,no,
Omega-3 fatty acids,Omega-3,True,9,no,
Snap Supplements Perimenopause Support,Perimenopause Support,True,9,no,
Pregnenolone,Pregnenolone,True,9,no,
vitamin B complex,Vitamin B,True,9,no,
B-complex,B-Complex,True,8,no,
biotin,Biotin,True,8,no,
chia seeds,Chia Seeds,True,8,no,
Creatina,Creatine,True,8,no,
dong quai,Dong Quai,True,8,no,
ginger,Ginger,True,8,no,
Hormone Balance,Hormone Balance,True,8,no,
Komi Wellness Hormone Harmony,Hormone Harmony,True,8,no,
Hormone therapy,Hormone Therapy,False,8,no,
Kind Patches,Kind Patches,False,8,no,
Lioness Ready Performance,Lioness Ready Performance,False,8,no,
Maca Root,Maca Root,True,8,no,
magnesium L-threonate,Magnesium,True,8,no,
Meno,Meno,True,8,no,
milk thistle,Milk Thistle,True,8,no,
not applicable,Not applicable,False,8,no,
healthy fats,Omega-3,False,8,no,
fish oil,Omega-3,True,8,no,
prebiotic,Prebiotic,True,8,no,
Protein powder,Protein,True,8,no,
Quercetin,Quercetin,True,8,no,
saffron,Saffron,True,8,no,
vitamin A,Vitamin A,True,8,no,
vitamin B,Vitamin B,True,8,no,
vitamina D,Vitamin D,True,8,no,
Zinc,Zinc,True,8,no,
these,these,False,8,no,
alcohol,Alcohol,False,7,no,
apple cider vinegar,Apple Cider Vinegar,True,7,no,
Natrava Beets,Beets,True,7,no,
Collagen Therapy,Collagen,True,7,no,
Estrovera,Estrovera,True,7,no,
happy juice,Happy Juice,False,7,no,
bioidentical hormones,Hormones,False,7,no,
Magnesium L-threonate,Magnesium,True,7,no,
multivitamins,Multivitamin,True,7,no,
Omega 3 fatty acids,Omega-3,True,7,no,
Perimenopause supplement,Perimenopause,True,7,no,
Primal Queen,Primal Queen,True,7,no,
Pro Menopause Support,Pro Menopause Support,True,7,no,
protein supplement,Protein,True,7,no,
resveratrol,Resveratrol,True,7,no,
sugar,Sugar,False,7,no,
vitamin D3 with K2,Vitamin D,True,7,no,
vitex,Vitex,True,7,no,
yogurt,Yogurt,False,7,no,
Allegra,Allegra,True,6,no,
Amberen Complete Menopause Relief,Amberen,True,6,no,
antidepressants,Antidepressants,False,6,no,
BCAAs,BCAAs,True,6,no,
Beam Glow,Beam Glow,False,6,no,
Biotin,Biotin,True,6,no,
blueberries,Blueberries,False,6,no,
chamomile,Chamomile,True,6,no,
cinnamon,Cinnamon,True,6,no,
Dong Quai,Dong Quai,True,6,no,
Dr. Haver’s supplements,Dr. Haver's Supplements,True,6,no,
Flonase,Flonase,False,6,no,
Fortibone,Fortibone,True,6,no,
ginseng,Ginseng,True,6,no,
Greek yogurt,Greek Yogurt,False,6,no,
Hormone Replacement Therapy (HRT),Hormone Replacement Therapy,False,6,no,
Inositol,Inositol,True,6,no,
Iron,Iron,True,6,no,
Krill oil,Krill Oil,True,6,no,
lemon balm,Lemon Balm,True,6,no,
magnesium malate,Magnesium,True,6,no,
Meno Active,Meno Active,True,6,no,
Menoelle Plus,Menoelle Plus,True,6,no,
menopausal hormone therapy,Menopausal Hormone Therapy,False,6,no,
menopause hormone therapy,Menopause Hormone Therapy,False,6,no,
Menopause Multivitamin 40+,Menopause Multivitamin,True,6,no,
Menopause spray,Menopause spray,False,6,no,
Narie Menopause Care,Narie,True,6,no,
phosphatidylserine,Phosphatidylserine,True,6,no,
Phytoadapt,Phytoadapt,True,6,no,
psyllium husk,Psyllium Husk,True,6,no,
Rajgira,Rajgira,True,6,no,
Red Clover,Red Clover,True,6,no,
Resveratrol,Resveratrol,True,6,no,
rhodiola,Rhodiola,True,6,no,
rose,Rose,False,6,no,
Sage,Sage,True,6,no,
The Perimenopause Survival Guide,The Perimenopause Survival Guide,False,6,no,
vitamin,Vitamin,True,6,no,
Vitamin A,Vitamin A,True,6,no,
Vitamins C & B6,Vitamin C,True,6,no,
vitamin d,Vitamin D,True,6,no,
D3,Vitamin D,True,6,no,
Vitex,Vitex,True,6,no,
Vyleesi,Vyleesi,True,6,no,
walnuts,walnuts,False,6,no,
Alkaline water,Alkaline Water,False,5,no,
Aloe Vera,Aloe Vera,True,5,no,
Anti-Inflammation score,Anti-Inflammation,False,5,no,
avocado,Avocado,False,5,no,
brain fog,Brain Fog,False,5,no,
Chasteberry,Chasteberry,True,5,no,
colágeno,Collagen,True,5,no,
DAO Enzymes,DAO Enzymes,True,5,no,
Digestive Enzymes,Digestive Enzymes,True,5,no,
elinzanetant,Elinzanetant,False,5,no,
evening primrose,Evening Primrose,True,5,no,
fibre supplement,Fiber,True,5,no,
flaxseeds,Flaxseed,True,5,no,
Free Resources from Tamsen,Free Resources,False,5,no,
GLP-1s,GLP-1,True,5,no,
gabapentin,Gabapentin,True,5,no,
Ginger,Ginger,True,5,no,
L-glutamine,Glutamine,True,5,no,
Hormone Replacement Therapy,Hormone Replacement Therapy,False,5,no,
hyaluronic acid,Hyaluronic Acid,True,5,no,
Key for her,Key for her,False,5,no,
Komi Wellness Supplements,Komi,True,5,no,
krill oil,Krill Oil,True,5,no,
DGL (Deglycyrrhizinated Licorice),Licorice,True,5,no,
Lion's Mane,Lion's Mane,True,5,no,
magnesium bisglycinate,Magnesium,True,5,no,
Magnesium L-Threonate,Magnesium,True,5,no,
magnésio,Magnesium,True,5,no,
magnesio,Magnesium,True,5,no,
Marshmallow Root,Marshmallow Root,True,5,no,
Mediterranean diet,Mediterranean Diet,False,5,no,
Black Girl Vitamins Meno Chill,Meno Chill,True,5,no,
Black Girl Vitamins Meno-Chill,Meno-Chill,True,5,no,
Menoligna,Menoligna,True,5,no,
Menopause Relief Bracelet,Menopause Relief,False,5,no,
For Women Menopause Support,Menopause Support,True,5,no,
Multivitamin Women 40+,Multivitamin,True,5,no,
myo-inositol,Myo-Inositol,True,5,no,
berries,Not a supplement,False,5,no,
menopause supplements,Not answerable,False,5,no,
supplement,Not answerable,False,5,no,
Nutrafol Women's Balance,Nutrafol,True,5,no,
Omega‑3,Omega-3,True,5,no,
pregnenolone,Pregnenolone,True,5,no,
micronized progesterone,Progesterone,True,5,no,
Provitalize,Provitalize,True,5,no,
reishi,Reishi,True,5,no,
SSRIs,SSRI,False,5,no,
Shilajit,Shilajit,True,5,no,
sleep,Sleep,False,5,no,
Sleep Harmony,Sleep Harmony,False,5,no,
sleep supplement,Sleep Supplement,True,5,no,
Slippery Elm,Slippery Elm,True,5,no,
stinging nettle,Stinging Nettle,True,5,no,
Testosterone,Testosterone,True,5,no,
wild yam,Wild Yam,True,5,no,
tofu,tofu,False,5,no,
adaptogens,Adaptogens,True,4,no,
Addyi,Addyi,True,4,no,
Alloy,Alloy,False,4,no,
antioxidants,Antioxidants,True,4,no,
Astaxanthin,Astaxanthin,True,4,no,
BHRT,BHRT,True,4,no,
banana,Banana,False,4,no,
bone broth,Bone Broth,True,4,no,
broccoli,Broccoli,False,4,no,
carbs,Carbs,False,4,no,
chlorophyll drops,Chlorophyll,True,4,no,
Claritin,Claritin,False,4,no,
Coenzyme Q10,Coenzyme Q10,True,4,no,
collagen peptides,Collagen,True,4,no,
cream,Cream,False,4,no,
digestive enzymes,Digestive Enzymes,True,4,no,
Electrolytes,Electrolytes,True,4,no,
electrolytes,Electrolytes,True,4,no,
estradiol patches,Estradiol,False,4,no,
EverBalance,EverBalance,True,4,no,
ferritin,Ferritin,False,4,no,
fibre,Fiber,True,4,no,
flax oil,Flax Oil,True,4,no,
Focus+,Focus,True,4,no,
folate,Folate,True,4,no,
GABA,GABA,True,4,no,
Ginseng,Ginseng,True,4,no,
glycine,Glycine,True,4,no,
green tea,Green Tea,True,4,no,
Hormonal Complex,Hormonal Complex,True,4,no,
hormone replacement,Hormone Replacement,False,4,no,
Hormone replacement therapy,Hormone Replacement Therapy,False,4,no,
bioidentical hormone replacement therapy,Hormone Replacement Therapy,False,4,no,
magnesium complex,Magnesium,True,4,no,
GLOWWA Meno,Meno,True,4,no,
Meno Menopause Vitamin Capsules,Meno Menopause,True,4,no,
Meno Menopause Vitamins,Meno Menopause Vitamins,True,4,no,
Meno Relief patches,Meno Relief,True,4,no,
MenoSlim Advanced,MenoSlim,True,4,no,
Kiko Vitals Menopause Balance,Menopause Balance,True,4,no,
Metodo Menopausa Insieme,Metodo Menopausa Insieme,False,4,no,
Moringa,Moringa,True,4,no,
Multivitamins,Multivitamin,True,4,no,
Multivitamínico,Multivitamin,True,4,no,
gummies,Not a supplement,False,4,no,
fermented foods,Not a supplement,False,4,no,
exercise,Not a supplement,False,4,no,
portable fan,Not a supplement,False,4,no,
ROC,Not answerable,False,4,no,
Nugenix for Women Balance,Nugenix,True,4,no,
nuts,Nuts,False,4,no,
omega‑3 fatty acids,Omega-3,True,4,no,
omega 3 fatty acids,Omega-3,True,4,no,
omega,Omega-3,True,4,no,
Ômega 3,Omega-3,True,4,no,
peptides,Peptides,True,4,no,
SNAP Perimeno Health,Perimeno Health,True,4,no,
Snap Supplements Perimeno Health,Perimeno Health,True,4,no,
PhytoAdapt,PhytoAdapt,True,4,no,
phytoestrogen,Phytoestrogen,True,4,no,
progesterone cream,Progesterone,True,4,no,
oral progesterone,Progesterone,True,4,no,
oral micronized progesterone,Progesterone,True,4,no,
Progesterone therapy,Progesterone,True,4,no,
pumpkin seeds,Pumpkin Seeds,True,4,no,
Red clover,Red Clover,True,4,no,
Rhodiola,Rhodiola,True,4,no,
ricotta,Ricotta,False,4,no,
Saffron,Saffron,True,4,no,
soybeans,Soy,True,4,no,
spironolactone,Spironolactone,True,4,no,
sweet potato,Sweet Potato,False,4,no,
thyroid,Thyroid,False,4,no,
valerian,Valerian,True,4,no,
Vitamin B Complex,Vitamin B,True,4,no,
Vit D,Vitamin D,True,4,no,
vitamin d supplement,Vitamin D,True,4,no,
vitamin D3 and K2,Vitamin D,True,4,no,
Water,Water,False,4,no,
Wild Yam Cream,Wild Yam,True,4,no,
Winona,Winona,False,4,no,
Yuzucare Menopause Support,Yuzucare,True,4,no,
Zyrtec,Zyrtec,False,4,no,
this one,this one,False,4,no,
this supplement,this supplement,False,4,no,
my supplements,,False,3,no,
adaptogen,Adaptogen,True,3,no,
almonds,Almonds,False,3,no,
antacids,Antacids,True,3,no,
Ashwaganda,Ashwagandha,True,3,no,
B vitamin complex,B Vitamin,True,3,no,
B Vitamins,B Vitamins,True,3,no,
methylated B vitamins,B Vitamins,True,3,no,
Beef Organ Supplement for Wone,Beef Organ,True,3,no,
Beef Organ Supplements,Beef Organ,True,3,no,
Beeya,Beeya,True,3,no,
Topical Benadryl,Benadryl,False,3,no,
Berberine + Inositol,Berberine,True,3,no,
Bioidentical Hormone Replacement Therapy (BHRT),Bioidentical Hormone Replacement Therapy,False,3,no,
menopause,Black Cohosh,True,3,no,
Blueberries,Blueberries,False,3,no,
boron,Boron,True,3,no,
Brahmi,Brahmi,True,3,no,
CBT,CBT,False,3,no,
Calcio,Calcium,True,3,no,
Chaste Berry,Chaste Berry,True,3,no,
chaste tree berry,Chaste Tree Berry,True,3,no,
cholesterol,Cholesterol,False,3,no,
chromium,Chromium,True,3,no,
clonidine,Clonidine,False,3,no,
hydrolyzed collagen,Collagen,True,3,no,
Colostrum,Colostrum,True,3,no,
Daily Cortisol Support,Cortisol,True,3,no,
Creatine monohydrate,Creatine,True,3,no,
creatina,Creatine,True,3,no,
Komi Wellness Creatine Therapy,Creatine,True,3,no,
curcumin,Curcumin,True,3,no,
Vaginal DHEA,DHEA,True,3,no,
Digestive/Pancreatic Enzymes,Digestive Enzymes,True,3,no,
Divigel,Divigel,True,3,no,
Dong quai,Dong Quai,True,3,no,
Edamame,Edamame,False,3,no,
estradiol,Estradiol,True,3,no,
Estradiol,Estradiol,False,3,no,
estradiol patch,Estradiol,False,3,no,
estrogen cream,Estrogen,False,3,no,
estrogen therapy,Estrogen,False,3,no,
topical estrogen,Estrogen,False,3,no,
fan,Fan,False,3,no,
fennel,Fennel,True,3,no,
fezolinetant,Fezolinetant,True,3,no,
soluble fiber,Fiber,True,3,no,
The Pause Nutrition Fiber (Unflavored),Fiber,True,3,no,
Pause Nutrition Fiber (flavorless),Fiber,True,3,no,
The Pause Life Fiber,Fiber,True,3,no,
fiber-gdx,Fiber,True,3,no,
Folic acid,Folic Acid,True,3,no,
B9,Folic Acid,True,3,no,
gel,Gel,False,3,no,
glucose,Glucose,False,3,no,
gokshura,Gokshura,True,3,no,
green tea extract,Green Tea,True,3,no,
herbs,Herbs,False,3,no,
hormonal therapy,Hormonal Therapy,False,3,no,
hormone treatments,Hormone,False,3,no,
New York Times bestselling book How To Menopause,How To Menopause,False,3,no,
Hyuralonic acid,Hyaluronic Acid,True,3,no,
I Choose Me,I Choose Me,False,3,no,
IRIS,IRIS,False,3,no,
iodine,Iodine,True,3,no,
KivoCove's lymphatic drops,KivoCove's Lymphatic Drops,True,3,no,
L-Glutamine,L-Glutamine,True,3,no,
L-Theanine,L-Theanine,True,3,no,
legumes,Legumes,False,3,no,
lion's mane mushroom,Lion's Mane,True,3,no,
MENO,MENO,True,3,no,
MHT,MHT,True,3,no,
MQ Motion Patches,MQ Motion Patches,False,3,no,
Magnésium,Magnesium,True,3,no,
magnesiumglycinate,Magnesium,True,3,no,
Magnesium + Vitamins C & B6,Magnesium,True,3,no,
Magnesium Supplement For Menopause,Magnesium,True,3,no,
Magnésio,Magnesium,True,3,no,
mangoes,Mango,False,3,no,
Melatonin,Melatonin,True,3,no,
Menachill,Menachill,True,3,no,
Meno-chill,Meno-chill,True,3,no,
MenoFriend®,MenoFriend,True,3,no,
Menopace,Menopace,True,3,no,
Menopause Brain Reset guide,Menopause Brain Reset,False,3,no,
Menopause Energized,Menopause Energized,True,3,no,
menopause gummies,Menopause Gummies,True,3,no,
Nature's Bounty Advanced Menopause Relief,Menopause Relief,True,3,no,
Menoveda,Menoveda,True,3,no,
Microlearning Courses,Microlearning Courses,False,3,no,
Milk Thistle,Milk Thistle,True,3,no,
minoxidil,Minoxidil,True,3,no,
moringa,Moringa,True,3,no,
myo‑inositol,Myo-Inositol,True,3,no,
Nello Super Balance,Nello Super Balance,True,3,no,
Nello SuperBalance,Nello SuperBalance,True,3,no,
fruits and vegetables,Not a supplement,False,3,no,
acupuncture,Not a supplement,False,3,no,
leafy greens,Not a supplement,False,3,no,
avocados,Not a supplement,False,3,no,
patches,Not a supplement,False,3,no,
nutrition,Not a supplement,False,3,no,
hot flashes,Not a supplement,False,3,no,
cooling blanket,Not a supplement,False,3,no,
Nutrafol,Nutrafol,True,3,no,
Ocean program,Ocean,False,3,no,
olive oil,Olive Oil,False,3,no,
Omega‑3 fatty acids,Omega-3,True,3,no,
Omega-3 vitamin D and vitamin K combo,Omega-3,True,3,no,
omegas,Omega-3,True,3,no,
omega-3 fish oil,Omega-3,True,3,no,
Omega 3 + Vitamin D + K2,Omega-3,True,3,no,
Pause Nutrition Skin & Bone (flavorless collagen),Pause Nutrition Skin & Bone,True,3,no,
Peach Perfect Menopause Multivitamin,Peach Perfect,True,3,no,
Peach Perfect,Peach Perfect,False,3,no,
PeriMenoFriend,PeriMenoFriend,True,3,no,
Perimenopause Health,Perimenopause Health,False,3,no,
Perimenopause Multi-Nutrient Support,Perimenopause Multi-Nutrient Support,True,3,no,
postbiotic,Postbiotic,True,3,no,
bioidentical progesterone,Progesterone,True,3,no,
high protein diet,Protein,False,3,no,
proteína,Protein,True,3,no,
ragi,Ragi,True,3,no,
red raspberry leaf,Red Raspberry Leaf,True,3,no,
Well3 Lyophilized Royal Jelly,Royal Jelly,True,3,no,
Runica 4-in-1,Runica 4-in-1,True,3,no,
Runica 4in1,Runica 4in1,False,3,no,
SECA30,SECA30,False,3,no,
Saccharomyces Boulardii,Saccharomyces Boulardii,True,3,no,
Saffron Extract,Saffron,True,3,no,
salmon,Salmon,False,3,no,
sesame seeds,Sesame,False,3,no,
SimplyWise Eating,SimplyWise,False,3,no,
The Pause Nutrition Skin & Bone Collagen (Unflavored),Skin & Bone Collagen,True,3,no,
The Pause Nutrition Skin + Bone Collagen,Skin + Bone Collagen,True,3,no,
Skin and Bone,Skin and Bone,False,3,no,
Slippery elm,Slippery Elm,True,3,no,
soy foods,Soy,False,3,no,
Komi Wellness Stress Harmony,Stress Harmony,True,3,no,
taurine,Taurine,True,3,no,
Testosterone therapy,Testosterone,False,3,no,
The Bridge System Method,The Bridge System Method,False,3,no,
The Galveston Diet Book,The Galveston Diet,False,3,no,
Thermella,Thermella,True,3,no,
The Thermogenic State,Thermogenic,True,3,no,
Totaria 40-in-1 Menopause Supplements for Women,Totaria,True,3,no,
Totaria 40-in-1 Menopause Supplements,Totaria,True,3,no,
Unbreakable Bone Health formula,Unbreakable Bone Health,True,3,no,
Veozah,Veozah,True,3,no,
Vibrancy Blend,Vibrancy Blend,True,3,no,
methylcobalamin,Vitamin B12,True,3,no,
Lipo B12,Vitamin B12,True,3,no,
Vitamina D3,Vitamin D,True,3,no,
bone health,Vitamin D,True,3,no,
Vitamin D3 & K2,Vitamin D,True,3,no,
Viviscal,Viviscal,True,3,no,
water,Water,False,3,no,
WeatherX ear plugs,WeatherX,False,3,no,
wild yam cream,Wild Yam,True,3,no,
Yoga,Yoga,False,3,no,
antidepressant,antidepressant,False,3,no,
birth control pills,birth control pills,False,3,no,
intermittent fasting,intermittent fasting,False,3,no,
lentils,lentils,False,3,no,
my new book,my new book,False,3,no,
neck fan,neck fan,False,3,no,
zucchini,zucchini,False,3,no,
A.Vogel Balance Perimenopause Multi-nutrient drink,A.Vogel Balance Perimenopause Multi-nutrient,True,2,no,
acupressure,Acupressure,False,2,no,
Acupuncture,Acupuncture,False,2,no,
adrenals,Adrenals,False,2,no,
almond milk,Almond Milk,False,2,no,
Almond Milk,Almond Milk,False,2,no,
almond oil,Almond Oil,False,2,no,
amla,Amla,True,2,no,
apigenin,Apigenin,True,2,no,
Apigenin,Apigenin,True,2,no,
Arctic Air Cool Touch Portable Fan,Arctic Air,False,2,no,
ASHWAGANDHA,Ashwagandha,True,2,no,
Ashwagandha KSM-66,Ashwagandha,True,2,no,
astaxanthin,Astaxanthin,True,2,no,
Ayurveda,Ayurveda,False,2,no,
B Complex,B Complex,True,2,no,
Methylated B vitamins,B Vitamins,True,2,no,
All B vitamins in methylated form,B Vitamins,True,2,no,
B Vitamins (B6 & B12),B Vitamins,True,2,no,
B-Complex Vitamins,B-Complex,True,2,no,
B-Complex vitamins,B-Complex,True,2,no,
Balance app,Balance,False,2,no,
Balance Tonic Menopause,Balance Tonic,True,2,no,
Banana,Banana,False,2,no,
Barefoot Scientist,Barefoot Scientist,False,2,no,
beans,Beans,False,2,no,
beet juice,Beet Juice,True,2,no,
Berb+Inos,Berberine,True,2,no,
Bijuve,Bijuve,True,2,no,
Black Cohosh (Actaea racemosa),Black Cohosh,True,2,no,
black girl vitamins,Black Girl Vitamins,True,2,no,
Black seed oil,Black Seed Oil,True,2,no,
Blackberry Leaf,Blackberry Leaf,True,2,no,
blood orange,Blood Orange,False,2,no,
BLOOD SUGAR,Blood Sugar,False,2,no,
blueberry,Blueberry,False,2,no,
Bonafide Revere,Bonafide Revere,False,2,no,
Brazil nuts,Brazil Nuts,True,2,no,
Broccoli,Broccoli,False,2,no,
broccoli sprouts,Broccoli Sprouts,True,2,no,
Brussels sprouts,Brussels Sprouts,False,2,no,
CBD,CBD,True,2,no,
calcium and vitamin D,Calcium,True,2,no,
calcium supplements,Calcium,True,2,no,
Calcium and magnesium,Calcium,True,2,no,
calcio,Calcium,True,2,no,
Calcium plus magnesium,Calcium,True,2,no,
calcium D-glucarate,Calcium D-Glucarate,True,2,no,
Calcium D-glucarate,Calcium D-Glucarate,True,2,no,
carbohydrates,Carbohydrates,False,2,no,
carboidrati,Carbohydrates,False,2,no,
supportive carbs,Carbs,False,2,no,
carnivore diet,Carnivore Diet,False,2,no,
carrots,Carrots,False,2,no,
castor oil,Castor Oil,True,2,no,
chamomile tea,Chamomile,True,2,no,
chaste berry,Chaste Berry,True,2,no,
Chaste tree berries (Vitex agnus castus),Chaste Tree,True,2,no,
cheese,Cheese,False,2,no,
Chia seeds,Chia,True,2,no,
chia,Chia,True,2,no,
Chia Seeds Sprouted,Chia Seeds,True,2,no,
choline,Choline,True,2,no,
Cinnamon (Cinnamomum),Cinnamon,True,2,no,
Cleanmarine Menomin,Cleanmarine Menomin,True,2,no,
ClimaFort,ClimaFort,True,2,no,
Climera,Climera,True,2,no,
Coq10,CoQ10,True,2,no,
"Garden of Life CoQ10 200mg, Vegetarian Omega 3 6 9 Supplement",CoQ10,True,2,no,
cocoa,Cocoa,True,2,no,
Coconut milk,Coconut Milk,False,2,no,
cod liver oil,Cod Liver Oil,True,2,no,
coenzima Q10,Coenzyme Q10,True,2,no,
coffee,Coffee,False,2,no,
"Collagen (Verisol for skin, Fortibone for bones)",Collagen,True,2,no,
Key Collagen,Collagen,True,2,no,
collagen with verisol and Fortibone,Collagen,True,2,no,
Skin & Bone Collagen,Collagen,True,2,no,
Collagen Powder,Collagen,True,2,no,
The Pause Nutrition skin and bone collagen (flavorless),Collagen,True,2,no,
Revive Collagen Menopause Max,Collagen,True,2,no,
Colostrum (IgG),Colostrum,True,2,no,
colostrum,Colostrum,True,2,no,
copper,Copper,True,2,no,
cordyceps,Cordyceps,True,2,no,
cortisol support,Cortisol,False,2,no,
cortisol,Cortisol,True,2,no,
cottage cheese,Cottage Cheese,False,2,no,
cranberry probiotics,Cranberry,True,2,no,
Pause Nutrition Creatine,Creatine,True,2,no,
Creatine Monohydrate,Creatine,True,2,no,
Créatine,Creatine,True,2,no,
Cynatine®,Cynatine,True,2,no,
D,D,True,2,no,
DGL Plus,DGL,True,2,no,
low-dose DHEA,DHEA,True,2,no,
5mg DHEA,DHEA,True,2,no,
Daily Brain Boost,Daily Brain Boost,True,2,no,
Damiana,Damiana,True,2,no,
dark chocolate,Dark Chocolate,False,2,no,
Dates,Dates,False,2,no,
30g Dietary fiber,Dietary Fiber,True,2,no,
E,E,False,2,no,
EAAs,EAAs,True,2,no,
uova,Egg,False,2,no,
vaginal estradiol,Estradiol,False,2,no,
estradiol hormone therapy,Estradiol,False,2,no,
Estradot,Estradot,True,2,no,
EstroG-100,EstroG-100,True,2,no,
EstroG100,EstroG100,True,2,no,
bioidentical estrogen cream,Estrogen,False,2,no,
Estrogen patches,Estrogen,True,2,no,
Estrogen cream,Estrogen,True,2,no,
estrogen patches,Estrogen,False,2,no,
Estroven Complete,Estroven,True,2,no,
Evabiotic,Evabiotic,True,2,no,
Evening Primrose,Evening Primrose,True,2,no,
Evening primrose oil,Evening Primrose Oil,True,2,no,
Evvy,Evvy,False,2,no,
Fabu Brain,Fabu Brain,True,2,no,
Fabu Skin,Fabu Skin,False,2,no,
Fanny,Fanny,False,2,no,
fasting,Fast,False,2,no,
fat,Fat,False,2,no,
Fatty15,Fatty15,True,2,no,
Femarelle Rejuvenate,Femarelle,True,2,no,
Femarelle Recharge,Femarelle,True,2,no,
fenugreek seed,Fenugreek,True,2,no,
фітоестрогенами,Fenugreek,True,2,no,
The Pause Nutrition fiber supplement,Fiber,True,2,no,
Daily Fiber+,Fiber,True,2,no,
wild fish like salmon,Fish Oil,True,2,no,
flax,Flax,True,2,no,
flax meal,Flaxseed,True,2,no,
ground flaxseeds,Flaxseed,True,2,no,
ground flax seeds,Flaxseed,True,2,no,
Flaxseeds,Flaxseed,True,2,no,
frutta,Frutta,False,2,no,
Functional Moms Podcast Supplement Store,Functional Moms Podcast Supplement Store,False,2,no,
The Pause Nutrition GDX Fiber,GDX Fiber,True,2,no,
GI Revive,GI Revive,True,2,no,
GLP‑1,GLP-1,True,2,no,
GNC Women’s 50+ Vitapak,GNC Women's 50+,True,2,no,
"Garden of Life Multivitamin for Women,120 Capsules",Garden of Life Multivitamin,True,2,no,
garlic,Garlic,True,2,no,
geranium,Geranium,True,2,no,
Ginger (Zingiber officinale),Ginger,True,2,no,
Ginkgo Biloba,Ginkgo Biloba,True,2,no,
Glutathione,Glutathione,True,2,no,
Nuzest Good Green Vitality,Good Green Vitality,True,2,no,
green tea or green tea extract,Green Tea,True,2,no,
Komi Wellness Gut Harmony,Gut Harmony,True,2,no,
HRT patches,HRT,False,2,no,
Christian Michael Hair Extensions,Hair Extensions,False,2,no,
hair vitamins,Hair Vitamins,True,2,no,
herbal supplements,Herbal Supplements,True,2,no,
Hops,Hops,True,2,no,
hops,Hops,True,2,no,
hormonal balance,Hormonal Balance,False,2,no,
hormonal replacement therapy,Hormonal Replacement Therapy,False,2,no,
hormonal treatments,Hormonal Treatments,False,2,no,
Hormone Harmony Guide,Hormone Harmony,False,2,no,
hormone support,Hormone Support,False,2,no,
"Tamsen’s NYT instant bestselling book, How To Menopause",How To Menopause,False,2,no,
IDFLM,IDFLM,False,2,no,
ibuprofen,Ibuprofen,True,2,no,
ice blanket,Ice Blanket,False,2,no,
insulin resistance,Insulin,False,2,no,
insulin,Insulin,False,2,no,
Intermittent Fasting,Intermittent Fasting,False,2,no,
iron plus folic acid,Iron,True,2,no,
joint support,Joint Support,True,2,no,
kale,Kale,False,2,no,
kelp,Kelp,True,2,no,
Key Peri + Menopause,Key Peri,True,2,no,
Kind Patches USA,Kind Patches,True,2,no,
kiwi,Kiwi,False,2,no,
1000mg L-glutamine,L-Glutamine,True,2,no,
L-teanina,L-Theanine,True,2,no,
200mg L-theanine (twice daily),L-Theanine,True,2,no,
lavender,Lavender,True,2,no,
Lemon Balm (Melissa officinalis),Lemon Balm,True,2,no,
Lemon Balm,Lemon Balm,True,2,no,
licorice,Licorice,True,2,no,
licorice root,Licorice Root,True,2,no,
M4 Body Treatment Rx,M4 Body Treatment,True,2,no,
Herology MENO,MENO,True,2,no,
MENO Menopause Passion Pack,MENO,True,2,no,
MIDI Health,MIDI Health,False,2,no,
Maca powder,Maca,True,2,no,
Maca Powder,Maca,True,2,no,
Maca root,Maca,True,2,no,
magnesium butter,Magnesium,True,2,no,
magnesium taurate,Magnesium,True,2,no,
Magnesium Complex,Magnesium,True,2,no,
Magnesium Bisglycinate,Magnesium,True,2,no,
Magnesium citrate,Magnesium,True,2,no,
200mg+ Magnesium Glycinate,Magnesium,True,2,no,
Magtech Magnesium,Magnesium,True,2,no,
Magnesium threonate,Magnesium,True,2,no,
Pure Encapsulations Magnesium (Glycinate),Magnesium,True,2,no,
Magnesium oil spray,Magnesium,True,2,no,
marijuana,Marijuana,False,2,no,
marine collagen,Marine Collagen,True,2,no,
Revive Collagen Menopause Liquid Marine Collagen Drink,Marine Collagen,True,2,no,
MaryRuth’s daily hair formula,MaryRuth’s daily hair formula,True,2,no,
Mega Ratu,Mega Ratu,True,2,no,
Melliva Menopause Support,Melliva,True,2,no,
Mellow Menopause,Mellow Menopause,False,2,no,
OLLY Mellow Menopause,Mellow Menopause,True,2,no,
MENO Vaginal Moisture Capsules,Meno,True,2,no,
Meno8,Meno8,True,2,no,
Black Girl Vitamins MenoChill,MenoChill,True,2,no,
MenoFit™ complete probiotic,MenoFit,True,2,no,
MenoMaster,MenoMaster,True,2,no,
Menochill,Menochill,True,2,no,
A.Vogel Menoforce Sage tablets,Menoforce Sage,True,2,no,
Menopause Original,Menopause,True,2,no,
Menopause Active,Menopause Active,True,2,no,
Menopause Brain Reset,Menopause Brain Reset,True,2,no,
Menopause Empowerment Guide,Menopause Empowerment Guide,False,2,no,
Menopause Herbs,Menopause Herbs,True,2,no,
Bärbel Drexel Premium Menopause Komplex 60 Kapseln,Menopause Komplex,True,2,no,
menopause multi,Menopause Multi,True,2,no,
Menopause Patch,Menopause Patch,True,2,no,
Menopause Shake,Menopause Shake,True,2,no,
Menopause Supplements,Menopause Supplements,True,2,no,
menopause support capsules,Menopause Support,True,2,no,
"premium, science-backed natural menopause support formulas",Menopause Support,True,2,no,
Menopause Total Support,Menopause Total Support,True,2,no,
Menosense,Menosense,True,2,no,
Menovital,Menovital,True,2,no,
Mia Vita® Hot Flash Relief,Mia Vita,True,2,no,
Midi,Midi,False,2,no,
Milamend Hormone Balance,Milamend,True,2,no,
Milk thistle,Milk Thistle,True,2,no,
Oral minoxidil,Minoxidil,True,2,no,
Minoxidil,Minoxidil,True,2,no,
miracle blends,Miracle Blends,False,2,no,
Mirena,Mirena,False,2,no,
Mochi Health,Mochi Health,False,2,no,
Motherwort,Motherwort,True,2,no,
motherwort,Motherwort,True,2,no,
Motherwort (Leonurus cardiaca),Motherwort,True,2,no,
mozzarella light,Mozzarella,False,2,no,
Multivitamin,Multivitamin,True,2,no,
multivitamins for women who are on HRT,Multivitamin,True,2,no,
multivitaminas,Multivitamin,True,2,no,
Myo-inositol,Myo-Inositol,True,2,no,
NAC,NAC,True,2,no,
NAD,NAD,True,2,no,
NAD+,NAD+,True,2,no,
NAD precursors (NR or NMN),NMN,True,2,no,
nettle,Nettle,True,2,no,
Niacinamide,Niacinamide,True,2,no,
Rnica4in1,Nica,True,2,no,
Tru Niagen,Nicotinamide Riboside,True,2,no,
Nicotinamide Riboside,Nicotinamide Riboside,True,2,no,
Nobona,Nobona,False,2,no,
pellets,Not a supplement,False,2,no,
menopause support,Not a supplement,False,2,no,
fruits like berries,Not a supplement,False,2,no,
yoga,Not a supplement,False,2,no,
natural remedies,Not a supplement,False,2,no,
plant-based diet,Not a supplement,False,2,no,
creams,Not a supplement,False,2,no,
myalloy.com,Not a supplement,False,2,no,
your guide or a kit for menopause for men,Not a supplement,False,2,no,
weight training,Not a supplement,False,2,no,
this product,Not a supplement,False,2,no,
vegetables,Not a supplement,False,2,no,
"Master The Day: Eat, Move and Live Better WIth the Power of Daily Habits",Not a supplement,False,2,no,
free guide,Not a supplement,False,2,no,
medical weight loss program,Not a supplement,False,2,no,
thickening shampoo,Not a supplement,False,2,no,
nut butter,Nut Butter,False,2,no,
nutrients,Nutrients,False,2,no,
oats,Oats,False,2,no,
Fish Oil,Omega-3,True,2,no,
omega-3 and vitamin D combo,Omega-3,True,2,no,
essential fatty acids,Omega-3,True,2,no,
omega3,Omega-3,True,2,no,
omega threes,Omega-3,True,2,no,
Omega 3s,Omega-3,True,2,no,
"Omega-3, Vitamin D & Vitamin K Combo",Omega-3,True,2,no,
omega-3 vitamin D and vitamin K combo,Omega-3,True,2,no,
fatty fish,Omega-3,True,2,no,
Oméga-3,Omega-3,True,2,no,
omega-3 fatty acid,Omega-3,True,2,no,
omega-3 fish oils,Omega-3,True,2,no,
ômega 3,Omega-3,True,2,no,
omega‑3s,Omega-3,True,2,no,
Omega-3 Fish Oil,Omega-3,True,2,no,
One A Day Menopause Multivitamin tablets,One A Day,True,2,no,
Ozempic,Ozempic,False,2,no,
P5P,P5P,True,2,no,
PCOS Relief,PCOS Relief,True,2,no,
PERI,PERI,False,2,no,
Pancreatic Enzymes,Pancreatic Enzymes,True,2,no,
passionflower,Passionflower,True,2,no,
Pataday,Pataday,False,2,no,
patch,Patch,False,2,no,
Pause Nutrition chocolate flavored protein,Pause Nutrition Protein,True,2,no,
Peach Perfect Menopause Multiv,Peach Perfect Menopause Multiv,True,2,no,
Pears,Pears,False,2,no,
peppermint,Peppermint,True,2,no,
peri and menopause supplements,Peri and Menopause Supplements,False,2,no,
Perimenal Health,Perimenal Health,False,2,no,
Snap Perimeno Health,Perimeno,True,2,no,
Perimeno,Perimeno,True,2,no,
Just Ingredients Perimenopause,Perimenopause,False,2,no,
NC° Perimenopause,Perimenopause,False,2,no,
Perimenopause Biome,Perimenopause Biome,True,2,no,
Health & Her Perimenopause Multi-Nutrient Support,Perimenopause Multi-Nutrient Support,True,2,no,
Health & Her Perimenopause Supplement,Perimenopause Supplement,True,2,no,
Phytoestrogens,Phytoestrogens,True,2,no,
Pit Grit,Pit Grit,False,2,no,
Plant Protein,Plant Protein,True,2,no,
Pomegranate,Pomegranate,True,2,no,
Pomegranate fruit extract,Pomegranate,True,2,no,
pomegranate extract,Pomegranate Extract,True,2,no,
Post Meno Plus,Post Meno Plus,True,2,no,
Post-Meno Plus,Post-Meno Plus,True,2,no,
Prebiotics,Prebiotics,True,2,no,
primrose oil,Primrose Oil,True,2,no,
probióticos,Probiotic,True,2,no,
vaginal probiotic,Probiotic,True,2,no,
probiotic foods,Probiotic,True,2,no,
Vaginal probiotics,Probiotics,True,2,no,
prometrium,Progesterone,False,2,no,
progesterone tablets,Progesterone,True,2,no,
Promensil,Promensil,True,2,no,
high protein,Protein,True,2,no,
Pueraria Mirifica,Pueraria Mirifica,True,2,no,
pumpkin seed oil,Pumpkin Seed Oil,True,2,no,
quinoa,Quinoa,False,2,no,
Qunol Menopause Relief,Qunol,True,2,no,
RUNiCA 4in1,RUNiCA 4in1,False,2,no,
raisins,Raisins,False,2,no,
Rebalance,Rebalance,False,2,no,
Red Clover (Trifolium pratense),Red Clover,True,2,no,
Red cranberry probiotics,Red Cranberry,True,2,no,
Red light therapy,Red Light Therapy,False,2,no,
red light therapy,Red Light Therapy,False,2,no,
Red Orange Complex,Red Orange Complex,True,2,no,
Rheal Balance Tonic,Rheal Balance Tonic,True,2,no,
Rhodiola rosea,Rhodiola Rosea,True,2,no,
rose hips,Rose Hips,True,2,no,
rosemary,Rosemary,True,2,no,
Runica4in1,Runica4in1,False,2,no,
SNRIs,SNRIs,True,2,no,
Sachromyces Boulardii,Sachromyces Boulardii,True,2,no,
saffron extract,Saffron,True,2,no,
Menoforce Sage tablets,Sage,True,2,no,
Sage (Salvia officinalis),Sage,True,2,no,
Sage extract,Sage,True,2,no,
saw palmetto,Saw Palmetto,True,2,no,
Saw Palmetto,Saw Palmetto,True,2,no,
schisandra,Schisandra,True,2,no,
Sea Moss,Sea Moss,True,2,no,
selenium,Selenium,True,2,no,
Serenoa repens,Serenoa Repens,True,2,no,
serotonin reuptake inhibitor,Serotonin Reuptake Inhibitor,False,2,no,
Sesame seeds,Sesame,False,2,no,
Siberian rhubarb,Siberian Rhubarb,True,2,no,
Silica,Silica,True,2,no,
Skullcap (Skutellaria laterifolia),Skullcap,True,2,no,
skullcap,Skullcap,True,2,no,
Pause Sleep,Sleep,False,2,no,
Sleep,Sleep,False,2,no,
slippery elm bark,Slippery Elm,True,2,no,
snap supplements,Snap,False,2,no,
Snap,Snap,False,2,no,
Soy,Soy,True,2,no,
soy products,Soy,True,2,no,
Soy extract,Soy,True,2,no,
Soy Isoflavones,Soy Isoflavones,True,2,no,
soya,Soya,True,2,no,
organic fermented soybeans,Soybeans,True,2,no,
Spatone,Spatone,True,2,no,
Stonehenge Health,Stonehenge Health,True,2,no,
Stress Harmony,Stress Harmony,False,2,no,
SOD,Superoxide Dismutase,True,2,no,
these supplements,Supplements,False,2,no,
Supplements,Supplements,False,2,no,
Systane,Systane,True,2,no,
tai chi,Tai Chi,False,2,no,
Tai Chi,Tai Chi,False,2,no,
Tamsen's newsletter,Tamsen's newsletter,False,2,no,
Tamsen’s NYT instant bestselling book,Tamsen’s NYT instant bestselling book,False,2,no,
"Dr. Mary Claire Haver's book, 'The New Menopause'",The New Menopause,False,2,no,
The Perimenopause Revolution,The Perimenopause Revolution,False,2,no,
The Tamsen Show on Instagram,The Tamsen Show,False,2,no,
theanine,Theanine,True,2,no,
Thorne,Thorne,True,2,no,
Tretinoin,Tretinoin,True,2,no,
Tribulus,Tribulus,True,2,no,
turkey,Turkey,False,2,no,
turmeric supplement,Turmeric,True,2,no,
UPSA FEM MENO,UPSA FEM MENO,True,2,no,
Unbreakable Bone Health,Unbreakable Bone Health,False,2,no,
V-San Moisturising cream,V-San,False,2,no,
low-dose vaginal estrogen,Vaginal Estrogen,False,2,no,
local vaginal estrogen,Vaginal Estrogen,False,2,no,
vaginal oestrogen,Vaginal Oestrogen,False,2,no,
Vaniqa,Vaniqa,True,2,no,
Veosa,Veosa,True,2,no,
Veoza,Veoza,True,2,no,
Verisol,Verisol,True,2,no,
Victory Oil,Victory Oil,False,2,no,
Vioza,Vioza,False,2,no,
Vita Greens,Vita Greens,True,2,no,
menopause vitamin,Vitamin,True,2,no,
Vitamins,Vitamin,True,2,no,
menopause vitamin capsules,Vitamin,True,2,no,
vitaminas,Vitamin,True,2,no,
Vitamin B-12,Vitamin B-12,True,2,no,
Methylated B12,Vitamin B12,True,2,no,
vitamina B12,Vitamin B12,True,2,no,
Lipo-B12,Vitamin B12,True,2,no,
B2,Vitamin B2,True,2,no,
vitamina C,Vitamin C,True,2,no,
vitamin c,Vitamin C,True,2,no,
Vitamin D3/K2,Vitamin D,True,2,no,
Vitamin D/Omega 3 Combo,Vitamin D,True,2,no,
vitamin D and calcium,Vitamin D,True,2,no,
vitamin D with K2,Vitamin D,True,2,no,
Vitamin D + K + omega-3s,Vitamin D,True,2,no,
Vitamine D,Vitamin D,True,2,no,
the supplement,Vitamin D,True,2,no,
Vitamin D3 with K2,Vitamin D,True,2,no,
Vitamin D3+K2,Vitamin D,True,2,no,
Vitamin D3 & k2,Vitamin D,True,2,no,
d3,Vitamin D,True,2,no,
D3/K2,Vitamin D,True,2,no,
vitamin D2,Vitamin D,True,2,no,
"10,000IU Vitamin D",Vitamin D,True,2,no,
vitamin D3 + K2 drops,Vitamin D,True,2,no,
vitamin D3 plus K2 drops,Vitamin D,True,2,no,
vitamina D3,Vitamin D,True,2,no,
"Garden of Life Vitamin D3 5000 IU, Raw",Vitamin D,True,2,no,
Vitamina D3 + K2,Vitamin D,True,2,no,
vitamin k,Vitamin K,True,2,no,
vitamin K3,Vitamin K,True,2,no,
k2,Vitamin K2,True,2,no,
vitamins and minerals,Vitamins,True,2,no,
Dense Hair Experts vitamins,Vitamins,True,2,no,
Walnuts,Walnut,False,2,no,
weight gain,Weight Gain,False,2,no,
weights,Weights,False,2,no,
whey protein,Whey Protein,True,2,no,
whole grains,Whole Grains,False,2,no,
Wild Dose,Wild Yam,True,2,no,
Womenli Supplements,Womenli,True,2,no,
birth control pill,birth control pill,False,2,no,
cognitive behavioural therapy,cognitive behavioural therapy,False,2,no,
cold water swimming,cold water swimming,False,2,no,
cruciferous vegetables,cruciferous vegetables,False,2,no,
fatigue,fatigue,False,2,no,
frozen shoulder,frozen shoulder,False,2,no,
generic,generic,False,2,no,
homeopathy,homeopathy,False,2,no,
hormonal birth control,hormonal birth control,False,2,no,
muscle,muscle,False,2,no,
primo sale,primo sale,False,2,no,
resistance training,resistance training,False,2,no,
strawberries,strawberries,False,2,no,
"Tamsen’s newsletter filled with free tools to living better, feeling stronger, and knowing you’re never alone",,False,1,no,
10 in 1,10 in 1,True,1,no,
10-Day Road Map,10-Day Road Map,False,1,no,
"15 different vitamins, minerals and botanicals","15 different vitamins, minerals and botanicals",False,1,no,
4 healing practices,4 Healing Practices,False,1,no,
Earthful 40 plus Multivitamin,40 Plus Multivitamin,True,1,no,
5-HTP,5-HTP,True,1,no,
6 supplements,6 supplements,False,1,no,
7 foods,7 foods,False,1,no,
70 plus greens superfood blend,70 Plus Greens Superfood Blend,True,1,no,
8 power foods,8 Power Foods,False,1,no,
8 in 1,8 in 1,True,1,no,
A.Vogel Balance Perimenopause Multi-nutrient Drink,A.Vogel Balance Perimenopause Multi-nutrient Drink,True,1,no,
A.Vogel Focus Perimenopause Passiflora Complex tablets,A.Vogel Focus Perimenopause Passiflora Complex,True,1,no,
A.Vogel Menopause Support,A.Vogel Menopause Support,True,1,no,
A4 workshop,A4 workshop,False,1,no,
ACE aminolytes,ACE,True,1,no,
AMO2,AMO2,False,1,no,
ASMR,ASMR,False,1,no,
Abbott Medicines India,Abbott Medicines India,False,1,no,
abdominal,Abdominal,False,1,no,
acacia chinata,Acacia Chinata,True,1,no,
Acetyl-L-carnitina,Acetyl-L-Carnitine,True,1,no,
Ache exercise,Ache exercise,False,1,no,
Acquale,Acquale,False,1,no,
Active Glow,Active Glow,False,1,no,
adaptogen hummus,Adaptogen,True,1,no,
Adaptogenic Herbs,Adaptogenic Herbs,True,1,no,
adaptogenic herbs,Adaptogenic Herbs,True,1,no,
the adaptogens,Adaptogens,True,1,no,
adaçayı,Adaçayı,False,1,no,
proprietary adrenal blend,Adrenal Blend,True,1,no,
adrenal blends,Adrenal Blends,True,1,no,
adrenal fatigue,Adrenal Fatigue,False,1,no,
adrenal support,Adrenal Support,True,1,no,
ajedolina seed,Agedonia Seed,False,1,no,
agnus castus,Agnus Castus,True,1,no,
Akira,Akira,False,1,no,
Menoveda Akira + Amaya,Akira + Amaya,True,1,no,
Akkermansia,Akkermansia,False,1,no,
Pendulum Akkermansia,Akkermansia,False,1,no,
Akkermansia Probiotic,Akkermansia Probiotic,True,1,no,
alcol,Alcohol,False,1,no,
alfalfa sprouts,Alfalfa,True,1,no,
alfazafrán,Alfazafrán,True,1,no,
AlgaeCal Plus,AlgaeCal Plus,True,1,no,
alginates,Alginates,True,1,no,
all the supplements,All The Supplements,False,1,no,
all-in-one supplement,All-In-One,True,1,no,
All-In-One Hormone Pack,All-In-One Hormone Pack,True,1,no,
All-stage supplements,All-Stage Supplements,True,1,no,
allenamento mirato anti-ritenzione,Allenamento Mirato Anti-Ritenzione,False,1,no,
alici,Allicin,True,1,no,
almond,Almond,False,1,no,
Almonds,Almond,False,1,no,
almond flour,Almond,False,1,no,
Almond milk,Almond Milk,False,1,no,
aloe vera,Aloe Vera,True,1,no,
aloe vera water,Aloe Vera,True,1,no,
Aloe vera,Aloe Vera,True,1,no,
ALA (Alpha Lipoic Acid),Alpha Lipoic Acid,True,1,no,
Alpha Lipoic Acid,Alpha Lipoic Acid,True,1,no,
alpha‑lipoic acid,Alpha Lipoic Acid,True,1,no,
Alpha lipoic acid,Alpha Lipoic Acid,True,1,no,
Alpha-GPC,Alpha-GPC,True,1,no,
Alphenate,Alphenate,True,1,no,
Always Discreet,Always Discreet,False,1,no,
Alívio,Alívio,False,1,no,
Amarin 12 symptoms,Amarin,False,1,no,
Amaya,Amaya,False,1,no,
Amberen Advanced Menopause Relief,Amberen,True,1,no,
a blend of sensitive amino acids,Amino Acids,True,1,no,
Aminoácidos essenciais,Amino Acids,True,1,no,
Perfect Aminos,Amino Acids,True,1,no,
amino acids,Amino Acids,True,1,no,
AMINO LEAN,Amino Lean,True,1,no,
Anastrozole,Anastrozole,True,1,no,
Ancestral Supplements,Ancestral Supplements,True,1,no,
anchovies,Anchovies,False,1,no,
AndroFeme Cream,AndroFeme,True,1,no,
Androsterol,Androsterol,True,1,no,
Angelica,Angelica,True,1,no,
Angelica Root,Angelica Root,True,1,no,
anthocyanins,Anthocyanins,True,1,no,
anti-inflammatory nutrition pattern,Anti-Inflammatory,False,1,no,
anti-inflammatory,Anti-Inflammatory,False,1,no,
antihistamines,Antihistamines,False,1,no,
"Antihistamines (Zyrtec, Claritin, Pepcid, etc.)",Antihistamines,False,1,no,
antioxidant supplement,Antioxidant,True,1,no,
apple,Apple,False,1,no,
Apple,Apple,False,1,no,
apple cider vinegar gummies,Apple Cider Vinegar,True,1,no,
Apple cider vinegar,Apple Cider Vinegar,True,1,no,
Apple cider,Apple Cider Vinegar,True,1,no,
Fizzy water with ACV,Apple Cider Vinegar,True,1,no,
Apples,Apples,False,1,no,
acqualive,Aqualive,True,1,no,
Arctic Air Ice Jet,Arctic Air,False,1,no,
artichoke,Artichoke,True,1,no,
Arándano probiotics,Arándano,True,1,no,
Asaya,Asaya,False,1,no,
Ashoka,Ashoka,True,1,no,
ashwagaby root labs,Ashwagaby,True,1,no,
Black Girl Vitamins Ashwaganda Gummies,Ashwaganda,True,1,no,
KSM-66®,Ashwagandha,True,1,no,
ashwagandha KSM66,Ashwagandha,True,1,no,
Adaptogens (Ashwagandha),Ashwagandha,True,1,no,
Ashwagandharistha,Ashwagandha,True,1,no,
organic Ashwagandha KSM66,Ashwagandha,True,1,no,
trigandha,Ashwagandha,True,1,no,
Adaptogens (like Ashwagandha),Ashwagandha,True,1,no,
ashwagandanda,Ashwagandha,True,1,no,
KSM66,Ashwagandha,True,1,no,
Ashwagandha root extract,Ashwagandha,True,1,no,
KSM66 ashwagandha,Ashwagandha,True,1,no,
Tímicifuga,Ashwagandha,True,1,no,
KSM-66 ashwagandha,Ashwagandha,True,1,no,
aspir çiçeği,Aspirin,True,1,no,
Asthi Samharaka,Asthi Samharaka,True,1,no,
Astragalus,Astragalus,True,1,no,
astragalus,Astragalus,True,1,no,
at-home hormone testing kits,At-Home Hormone Testing Kits,False,1,no,
atta,Atta,False,1,no,
Avocados,Avocado,False,1,no,
Avocado,Avocado,False,1,no,
Avon Hit Pause refreshing wipes,Avon Hit Pause,False,1,no,
Avon Hit Pause all over cooling mist,Avon Hit Pause,False,1,no,
Avon Hit Pause hydrating body cream,Avon Hit Pause,False,1,no,
Aygestin,Aygestin,True,1,no,
Ayurvedic remedies,Ayurvedic,False,1,no,
Ayurvedic herbs,Ayurvedic Herbs,False,1,no,
AZELAIC ACID,Azelaic Acid,True,1,no,
"B Complex (terutama B6, B9, B12)",B Complex,True,1,no,
B Complex Vitamins,B Complex,True,1,no,
B complex supplement,B Complex,True,1,no,
methylated B complex,B Complex,True,1,no,
Methylated B complex vitamin,B Complex,True,1,no,
B's,B Vitamin,True,1,no,
B vitaminleri,B Vitamin,True,1,no,
Metillenmiş B vitaminleri,B Vitamin,True,1,no,
"B vitamins, B6 and B12",B Vitamins,True,1,no,
B Vitamins (particularly B6 and B12),B Vitamins,True,1,no,
B-Complex,B-Complex,True,1,no,
B-Complex (B6 & B12 terutama),B-Complex,True,1,no,
B-Complex or Multivitamin (with all Bs),B-Complex,True,1,no,
B‑complex,B-Complex,True,1,no,
B‑complex vitamins,B-Complex,True,1,no,
B-vitamin,B-Vitamin,True,1,no,
B-vitamins,B-Vitamins,True,1,no,
Bioactive B‑Vitamins,B-Vitamins,True,1,no,
B.O,B.O,False,1,no,
BCAA/EAA’s powders,BCAA,True,1,no,
BPC-157,BPC-157,True,1,no,
Babe Balance,Babe Balance,True,1,no,
Babe Blush and Brighten,Babe Blush and Brighten,False,1,no,
BACKtoHER,Back to Her,False,1,no,
bacopa,Bacopa,True,1,no,
Bacopa Monnieri,Bacopa Monnieri,True,1,no,
bacopa monnieri,Bacopa Monnieri,True,1,no,
balance app,Balance,False,1,no,
balance,Balance,False,1,no,
Balance Hormonal,Balance Hormonal,False,1,no,
Balance Perimenopause Multi-nutrient drink,Balance Perimenopause Multi-nutrient,True,1,no,
Balance Tonic,Balance Tonic,True,1,no,
Balanzor Monal,Balanzor,True,1,no,
Ballaststoffe,Ballaststoffe,False,1,no,
Bananas,Bananas,False,1,no,
Barley Grass,Barley Grass,True,1,no,
baseline vitamins,Baseline Vitamins,True,1,no,
basilico,Basil,False,1,no,
basmati rice,Basmati Rice,False,1,no,
Be Levels,Be,False,1,no,
Be Pure,Be Pure,False,1,no,
BeLevel,BeLevel,False,1,no,
Beam,Beam,False,1,no,
Beam GLOW,Beam GLOW,True,1,no,
Bean Glow,Bean,True,1,no,
Beans and legumes,Beans,False,1,no,
Beantok,Beantok,False,1,no,
Bears with Benefits,Bears with Benefits,False,1,no,
BeautyStat Universal C Skin Refiner,BeautyStat Universal C,True,1,no,
Beckham stack,Beckham Stack,True,1,no,
Only Bee Wash,Bee Wash,False,1,no,
grass‑fed beef,Beef,False,1,no,
beef,Beef,False,1,no,
BEEF,Beef,False,1,no,
"ox tail, beef chunk",Beef,False,1,no,
beef liver capsules,Beef Liver,True,1,no,
Glowing Goddess beef organ supplement,Beef Organ,True,1,no,
beef organ supplements,Beef Organ,True,1,no,
Left Coast Performance Beef Organ Supplement for Women,Beef Organ Supplement,True,1,no,
beef organs,Beef Organs,True,1,no,
grass-fed beef organs,Beef Organs,True,1,no,
Beet Supplement,Beet,True,1,no,
Beets,Beet,True,1,no,
beet supplement,Beet,True,1,no,
beetroot capsules,Beetroot,True,1,no,
beetroot,Beetroot,True,1,no,
beetroot or dates,Beetroot,True,1,no,
Natravva Beets,Beets,True,1,no,
FREE Beginners' Bundle,Beginners' Bundle,False,1,no,
Belli welli,Belli Welli,False,1,no,
FREE 28-day Belly Fat Challenge,Belly Fat Challenge,False,1,no,
Belly Wily drink mix,Belly Wily,True,1,no,
Benefiber,Benefiber,True,1,no,
benfotiamine,Benfotiamine,True,1,no,
Benfotiamine,Benfotiamine,True,1,no,
benin,Benin,False,1,no,
benzoyl peroxide,Benzoyl Peroxide,True,1,no,
berberine supplement,Berberine,True,1,no,
Berberina,Berberine,True,1,no,
Berberine 99% HCL,Berberine,True,1,no,
Berberine patches,Berberine,True,1,no,
BerbaMate,Berberine,True,1,no,
Berbamate,Berberine,True,1,no,
Purisaki Berberine Patches,Berberine,True,1,no,
Berber drops,Berberine,True,1,no,
Berberine paired with Ceylon cinnamon,Berberine,True,1,no,
berberina,Berberine,True,1,no,
beta glucan 13D,Beta Glucan,True,1,no,
Better Libido,Better Libido,False,1,no,
BiFi,BiFi,False,1,no,
Big Balance and Bright and Color Correcting Foundation,Big Balance,True,1,no,
Big Boy Bundle,Big Boy Bundle,False,1,no,
bilberry,Bilberry,True,1,no,
Bio by Dr. Libby Blends,Bio,True,1,no,
Bio-Identical Hormone Replacement Therapy (BHRT),Bio-Identical Hormone Replacement Therapy,False,1,no,
bioidenticalhormonereplacementtherapy,Bioidentical Hormone Replacement Therapy,False,1,no,
Biologica Midlife Essentials,Biologica Midlife Essentials,True,1,no,
pre pro and post biotics,Biotics,True,1,no,
biotina,Biotin,True,1,no,
Biotin Growth,Biotin,True,1,no,
"Nature’s Bounty Optimal Solutions Advanced Hair, Skin and Nails Pectin Gummies, 2x Biotin Per Serving",Biotin,True,1,no,
biotin and pumpkin seed oil in capsules,Biotin,True,1,no,
Bioxtra,Bioxtra,True,1,no,
birth control,Birth Control,False,1,no,
bisco tea,Bisco Tea,False,1,no,
biscotti,Biscotti,False,1,no,
biscuit with about 60‑70 kcal and low sugar,Biscuit,False,1,no,
Pó Concentrado de Amora Negra Coreana,Black Amla,True,1,no,
black beans,Black Beans,False,1,no,
Black Box warning,Black Box,False,1,no,
black cohosh root,Black Cohosh,True,1,no,
black cohosh (Cimicifuga),Black Cohosh,True,1,no,
black cohosh root extract,Black Cohosh,True,1,no,
Black cohosh root,Black Cohosh,True,1,no,
menopause relief,Black Cohosh,True,1,no,
black kahoo,Black Cohosh,True,1,no,
actaea racemosa or black cohosh,Black Cohosh,True,1,no,
BLACK COHOSH,Black Cohosh,True,1,no,
black food,Black Food,False,1,no,
black food for kidney,Black Food for Kidney,False,1,no,
Black Girl Vitamins Minicill,Black Girl Vitamins,True,1,no,
BLACK GIRL VITAMINS,Black Girl Vitamins,True,1,no,
Black girl vitamins,Black Girl Vitamins,True,1,no,
Black Girl Vitamins Chlorophyll Drops,Black Girl Vitamins,True,1,no,
Black Girl vitamins,Black Girl Vitamins,True,1,no,
Black Maca,Black Maca,True,1,no,
Black Seed Gold,Black Seed,True,1,no,
black sesame balls,Black Sesame,False,1,no,
blackberries,Blackberries,False,1,no,
blackberry leaf tincture,Blackberry Leaf,True,1,no,
Blend,Blend,False,1,no,
bloat melts,Bloat Melts,True,1,no,
Bloat Relief,Bloat Relief,False,1,no,
blood sugar,Blood Sugar,False,1,no,
blood-sugar-stabilizing,Blood Sugar,False,1,no,
Bloom Daily Hydration Packets,Bloom Daily Hydration,True,1,no,
Bloom energy sticks,Bloom Energy Sticks,True,1,no,
Blue,Blue,False,1,no,
blue light blocking glasses,Blue Light Blocking Glasses,False,1,no,
Blueberry Gummies,Blueberry,True,1,no,
probióticos de arándano,Blueberry Probiotic,True,1,no,
blueberry probiotics,Blueberry Probiotics,True,1,no,
Bluum Menopause Support,Bluum Menopause Support,True,1,no,
UNBREAKABLE Bone™,Bone,True,1,no,
Bone,Bone,False,1,no,
Bone broth hot chocolate,Bone Broth,True,1,no,
bone broth protein,Bone Broth Protein,True,1,no,
bone density supplements,Bone Density,False,1,no,
UNBREAKABLE Bone Health formula,Bone Health,True,1,no,
bone healthy snack,Bone Healthy Snack,False,1,no,
Boom Boom Stick,Boom Boom Stick,False,1,no,
MediCube's Booster Pro 2,Booster Pro,True,1,no,
borage capsules,Borage,True,1,no,
Borage Oil Supplements,Borage Oil,True,1,no,
boric acid,Boric Acid,True,1,no,
Boron,Boron,True,1,no,
Bossa Bars,Bossa Bars,False,1,no,
Hydrolyzed Bovine Collagen,Bovine Collagen,True,1,no,
bovine collagen,Bovine Collagen,True,1,no,
bovine ovaries,Bovine Ovary,True,1,no,
bovine uterus,Bovine Uterus,True,1,no,
Brahmi tablets,Brahmi,True,1,no,
daily brain boost,Brain Boost,True,1,no,
brainfog,Brain Fog,False,1,no,
brain fog supplement,Brain Fog,True,1,no,
brain health,Brain Health,False,1,no,
Axio brain health powder,Brain Health,True,1,no,
BrainMD,BrainMD,True,1,no,
bread,Bread,False,1,no,
Bremelanotide,Bremelanotide,False,1,no,
vyleesi or bremelanotide,Bremelanotide,False,1,no,
Broad Relief,Broad Relief,False,1,no,
Broccoli & Kale,Broccoli,False,1,no,
bumble bee breath,Bumble Bee Breath,False,1,no,
Bumpin Blends,Bumpin Blends,False,1,no,
Burn On Demand app,Burn On Demand,False,1,no,
Busbee’s top recommendations,Busbee,False,1,no,
butterfly pea,Butterfly Pea,True,1,no,
Supreme CBD,CBD,True,1,no,
CJC 1295,CJC 1295,True,1,no,
CKD Retino Collagen Elasticity Cream,CKD Retino Collagen Elasticity Cream,False,1,no,
CORE,CORE,False,1,no,
CXCR4,CXCR4,False,1,no,
Cabbage/Cauliflower,Cabbage,False,1,no,
reducing caffeine and alcohol,Caffeine,False,1,no,
caffeine,Caffeine,True,1,no,
caffeina,Caffeine,True,1,no,
caffè,Caffè,False,1,no,
calcium‑rich food,Calcium,False,1,no,
calcium citrate,Calcium,True,1,no,
ABCE calcium bovine,Calcium,True,1,no,
Calcium and Vitamin D,Calcium,True,1,no,
Calcium-rich Foods,Calcium,True,1,no,
Kalsium + Vitamin D,Calcium,True,1,no,
Calcium + Vitamin D3,Calcium,True,1,no,
Calcium (+ Vitamin D + K2),Calcium,True,1,no,
cálcio,Calcium,True,1,no,
Calcium supplements,Calcium,True,1,no,
Calcium magnesium with vitamin D3,Calcium,True,1,no,
Кальций,Calcium,True,1,no,
calcium and magnesium,Calcium,True,1,no,
Calcium tablets,Calcium,True,1,no,
calcium powder,Calcium,True,1,no,
calcium with vitamin D supplements,Calcium,True,1,no,
osteoporosis,Calcium,True,1,no,
Kalsium + Vit D3,Calcium + Vitamin D,True,1,no,
calcium dglucarate,Calcium D-Glucarate,True,1,no,
calcium D glucarate,Calcium D-Glucarate,True,1,no,
tabletas de calcio con magnesio,Calcium Magnesium,True,1,no,
Calm Quiz,Calm,False,1,no,
calming teas,Calming Tea,True,1,no,
Calories In Calories Out,Calories In Calories Out,False,1,no,
weed,Cannabis,False,1,no,
canxi,Canxi,False,1,no,
capsules,Capsules,False,1,no,
Capsules,Capsules,True,1,no,
carb cycling,Carb Cycling,False,1,no,
carbamipentine,Carbamipentine,False,1,no,
lower carbohydrate,Carbohydrate,False,1,no,
Carbohydrate Quality Index (CQI),Carbohydrate Quality Index,False,1,no,
cardio,Cardio,False,1,no,
cardiovascular,Cardiovascular,False,1,no,
cardiovascular health,Cardiovascular Health,False,1,no,
carga real,Carga Real,False,1,no,
Carnivore Diet,Carnivore Diet,False,1,no,
Carob Bean Extract,Carob,True,1,no,
carrot,Carrot,False,1,no,
cashew nuts,Cashew Nuts,False,1,no,
Castor Oil,Castor Oil,True,1,no,
Cat’s Claw Extract,Cat's Claw,True,1,no,
Cata-Kor Liposomal Glutathione Supplement,Cata-Kor Glutathione,True,1,no,
Catakor,Catacor,True,1,no,
Cattier Mini Support,Cattier Mini Support,True,1,no,
Cayenne,Cayenne,True,1,no,
celery,Celery,False,1,no,
cell protection,Cell Protection,False,1,no,
cell protection complex,Cell Protection Complex,True,1,no,
cena,Cena,False,1,no,
Giant Byoungpool (fresh green Centella Asiatica),Centella Asiatica,True,1,no,
CeraVe SA Smoothing Cream,CeraVe,False,1,no,
Cerebiome,Cerebiome,True,1,no,
Ceylon Cinnamon,Ceylon Cinnamon,True,1,no,
Chaly,Chaly,False,1,no,
chamā,Chamomile,True,1,no,
charcoal facial detox soap,Charcoal,False,1,no,
charcoal,Charcoal,True,1,no,
chard,Chard,False,1,no,
Chastree Berry,Chastberry,True,1,no,
Chaste Tree Berry,Chaste Tree,True,1,no,
chaste tree berries,Chaste Tree,True,1,no,
Chaste Tree or Vitex,Chaste Tree,True,1,no,
chaste tree or vitex,Chaste Tree,True,1,no,
Chaste tree,Chaste Tree,True,1,no,
chaste tree,Chaste Tree,True,1,no,
Chasteberry (Vitex),Chasteberry,True,1,no,
ChatGPT,ChatGPT,False,1,no,
New Cheeto,Cheeto,False,1,no,
chemist,Chemist,False,1,no,
cherry juice,Cherry Juice,False,1,no,
carb blocking cherry limeade,Cherry Limeade,False,1,no,
chia seed,Chia Seed,True,1,no,
chai seeds,Chia Seeds,True,1,no,
chicken breast,Chicken Breast,False,1,no,
chicken gizzard,Chicken Gizzard,False,1,no,
chili pepper,Chili Pepper,True,1,no,
Chill Pill,Chill Pill,False,1,no,
Chinese herbs,Chinese Herbs,True,1,no,
Chinese medicine,Chinese Medicine,False,1,no,
Chinese yam,Chinese Yam,True,1,no,
Chlorella,Chlorella,True,1,no,
chlorella,Chlorella,True,1,no,
Chlorophyll drops,Chlorophyll,True,1,no,
liquid chlorophyll,Chlorophyll,True,1,no,
Chocolate,Chocolate,False,1,no,
chocolate,Chocolate,False,1,no,
cholesterol control,Cholesterol Control,False,1,no,
Choline,Choline,True,1,no,
colină,Choline,True,1,no,
Chromium Picolinate,Chromium,True,1,no,
Chromium,Chromium,True,1,no,
chromium picolinate,Chromium,True,1,no,
Chronometer,Chronometer,False,1,no,
dried chrysanthemum,Chrysanthemum,True,1,no,
chrysanthemum and rose honey tea,Chrysanthemum,True,1,no,
Cialis,Cialis,True,1,no,
cibi,Cibi,False,1,no,
Komi Wellness Cillagen Therapy,Cillagen,True,1,no,
cinnamon powder,Cinnamon,True,1,no,
Canela,Cinnamon,True,1,no,
Cinnamon plus grape seed extract plus alpha lipoic acid,Cinnamon,True,1,no,
cinnamon extract,Cinnamon,True,1,no,
Cinnamon extract,Cinnamon,True,1,no,
cinnagran,Cinnamon,True,1,no,
cannella,Cinnamon,True,1,no,
Cinsulin,Cinsulin,True,1,no,
cistiberi,Cistiberi,True,1,no,
citalopram,Citalopram,False,1,no,
citric polyphenols,Citric Polyphenols,True,1,no,
H1 antihistamine like Claritin or Allegra,Claritin,False,1,no,
clary sage,Clary Sage,True,1,no,
Clary Sage,Clary Sage,True,1,no,
Clean Nutra,Clean Nutra,True,1,no,
Cleanmarine Irl Menomin for Women,Cleanmarine Irl Menomin,True,1,no,
Cleanmarine MenoMin,Cleanmarine MenoMin,True,1,no,
ClimaFort Sueño,ClimaFort,True,1,no,
Clothespin,Clothespin,False,1,no,
Q10,CoQ10,True,1,no,
coQ10,CoQ10,True,1,no,
hygerone,CoQ10,True,1,no,
CoQ10 (Ubiquinol),CoQ10,True,1,no,
pocq10,CoQ10,True,1,no,
Pacifica coconut and charcoal,Coconut,True,1,no,
coconut,Coconut,False,1,no,
Coconut Cult,Coconut Cult,True,1,no,
coconut flour,Coconut Flour,False,1,no,
coconut milk,Coconut Milk,False,1,no,
Coconut water,Coconut Water,False,1,no,
Cod oil,Cod Oil,True,1,no,
Coenzima Q10,Coenzyme Q10,True,1,no,
Cold Exposure Therapy,Cold Exposure Therapy,False,1,no,
Cold Plunge,Cold Plunge,False,1,no,
Cold plunges,Cold Plunges,False,1,no,
Sparkle Skin Boost Collagen,Collagen,True,1,no,
Pro Collagen,Collagen,True,1,no,
Skin and Bone Collagen,Collagen,True,1,no,
Ferricoll collagen,Collagen,True,1,no,
Fortabone's collagen,Collagen,True,1,no,
collagen powder,Collagen,True,1,no,
Verisol collagen,Collagen,True,1,no,
Liquid Collagen,Collagen,True,1,no,
Collagen Peptides,Collagen,True,1,no,
Collagen / Glutathione/White Tomato,Collagen,True,1,no,
Collagen product,Collagen,True,1,no,
Our Skin & Bone Collagen,Collagen,True,1,no,
COLLAGEN POWDER,Collagen,True,1,no,
collagen protein,Collagen,True,1,no,
Gomi Wellness Collagen Therapy,Collagen,True,1,no,
Ancient Nutrition Collagen,Collagen,True,1,no,
hydrolysed collagen,Collagen,True,1,no,
peach collagen drink,Collagen,True,1,no,
NeuCollagen,Collagen,True,1,no,
Revive Collagen,Collagen,True,1,no,
kollageeni,Collagen,True,1,no,
Skin and Bone collagen,Collagen,True,1,no,
key collagen,Collagen,True,1,no,
Kolagen,Collagen,True,1,no,
Komi Wellness Collagen Therapy,Collagen,True,1,no,
Revive collagen introduction pack,Collagen,True,1,no,
Collagen Protein,Collagen,True,1,no,
Hydrolyzed collagen supplement,Collagen,True,1,no,
Colágeno,Collagen,True,1,no,
Collagen peptides,Collagen,True,1,no,
collagen bundle,Collagen,True,1,no,
Collagen with biotin,Collagen,True,1,no,
biomimetic collagen,Collagen,True,1,no,
콜라겐,Collagen,True,1,no,
collagen greens,Collagen,True,1,no,
collagen powders,Collagen,True,1,no,
Collagen drink sachets,Collagen,True,1,no,
collagen supplement,Collagen,True,1,no,
Collavant n2,Collavant n2,True,1,no,
Calostro bovino,Colostrum,True,1,no,
Armra colostrum,Colostrum,True,1,no,
Colágeno hidrolizado + Vitamina C,Colágeno Hidrolizado,True,1,no,
combined oral contraceptive pills,Combined Oral Contraceptive,False,1,no,
compensar,Compensar,False,1,no,
Compi patch,Compi,True,1,no,
Complete Menopause Support Supplement For Women,Complete Menopause Support,True,1,no,
complex of vitamins and minerals,Complex,True,1,no,
conjugated estrogens,Conjugated Estrogens,True,1,no,
continuous glucose monitor,Continuous Glucose Monitor,False,1,no,
Cool Towel,Cool Towel,False,1,no,
CoolHill,CoolHill,False,1,no,
Copper Peptide Repair Cream,Copper Peptide,True,1,no,
coriander,Coriander,True,1,no,
coriander seeds,Coriander,True,1,no,
Corsodyl,Corsodyl,True,1,no,
cortisol complex,Cortisol,True,1,no,
cortisol face,Cortisol,False,1,no,
Cortisol,Cortisol,True,1,no,
kortizol,Cortisol,False,1,no,
Cortisooth,Cortisol,True,1,no,
fiocchi di latte,Cottage Cheese,False,1,no,
Cow’s milk,Cow's Milk,False,1,no,
Cranberry probiotics,Cranberry,True,1,no,
cranberry and hibiscus,Cranberry,True,1,no,
cranberry juice,Cranberry,True,1,no,
cranberry,Cranberry,True,1,no,
cranberry gummies,Cranberry,True,1,no,
Con-cret Creatine,Creatine,True,1,no,
Creatin,Creatine,True,1,no,
The Pause Nutrition creatine,Creatine,True,1,no,
Creatine+,Creatine,True,1,no,
Pause Nutrition Creatine BOOSTERS,Creatine,True,1,no,
The Pause Nutrition Creatine,Creatine,True,1,no,
creatine+,Creatine,True,1,no,
peach creatine,Creatine,True,1,no,
CREATINE GUMMIES,Creatine,True,1,no,
Gomi Wellness Creatine Therapy,Creatine,True,1,no,
Essential Creatine,Creatine,True,1,no,
Naked Creatine,Creatine,True,1,no,
kreatyną,Creatine,True,1,no,
Creatine tablets,Creatine,True,1,no,
Kreatin,Creatine,True,1,no,
CreaMag,Creatine,True,1,no,
Creatina monohidratada,Creatine,True,1,no,
creatină,Creatine,True,1,no,
créatine,Creatine,True,1,no,
crepe and pizza crust mixes,Crepe and Pizza Crust Mixes,False,1,no,
ClimaFort CronoMag,CronoMag,True,1,no,
Crunch,Crunch,False,1,no,
cryomedic,Cryomedic,False,1,no,
cucumber,Cucumber,False,1,no,
Turmeric curcumin,Curcumin,True,1,no,
CurcuMicel 185x,Curcumin,True,1,no,
curcumin extract plus spirulina oil,Curcumin,True,1,no,
Curcumine (Curcumin),Curcumin,True,1,no,
cúrcuma,Curcumin,True,1,no,
curcuma,Curcumin,True,1,no,
curcumin from turmeric,Curcumin,True,1,no,
Curd and yogurt,Curd,False,1,no,
Hormone Balancing Curry,Curry,False,1,no,
custom hair supplement,Custom Hair Supplement,True,1,no,
cutting mix,Cutting Mix,False,1,no,
Cyclogest,Cyclogest,True,1,no,
cypress,Cypress,False,1,no,
Cystane Ultra,Cystane,True,1,no,
DAO enzyme,DAO,True,1,no,
DGL Plus by Pure Encapsulations,DGL Plus,True,1,no,
DHA,DHA,True,1,no,
DHA 1000 mg,DHA,True,1,no,
low dose DHEA,DHEA,True,1,no,
VaginąI DHEA,DHEA,True,1,no,
DHEA cream,DHEA,True,1,no,
vaginal DHEA,DHEA,True,1,no,
DHEA capsules,DHEA,True,1,no,
DHEA (Intrarosa),DHEA,True,1,no,
estrogen balance with DIM,DIM,True,1,no,
DIM Supplement,DIM,True,1,no,
DIM (Diindolylmethane),DIM,True,1,no,
DIM paired with bioperine,DIM,True,1,no,
DOMMA Equilibrio,DOMMA Equilibrio,True,1,no,
DR.VEGAN,DR.VEGAN,True,1,no,
DRINK,DRINK,False,1,no,
DUTCH hormone testing,DUTCH hormone testing,False,1,no,
DaTara,DaTara,False,1,no,
dagong,Dagong,False,1,no,
Daily Hormone Essentials™,Daily Hormone Essentials,True,1,no,
Daktarin,Daktarin,True,1,no,
damascis,Damascus,False,1,no,
dandelion root,Dandelion Root,True,1,no,
Dandelion Root Tea,Dandelion Root,True,1,no,
Dandelion Root,Dandelion Root,True,1,no,
Dark chocolate,Dark Chocolate,False,1,no,
cioccolato fondente,Dark Chocolate,False,1,no,
dates and beetroot,Date,False,1,no,
day and night supplements,Day and Night Supplements,True,1,no,
denosumab,Denosumab,False,1,no,
reformulated deodorants,Deodorant,False,1,no,
Depens,Depens,False,1,no,
Dermial,Dermial,False,1,no,
Deserticola Shampoo,Deserticola,False,1,no,
Deserticola Water Treatment,Deserticola,False,1,no,
Destination Clinic,Destination Clinic,False,1,no,
Destination Wellness Retreat,Destination Wellness Retreat,False,1,no,
detox tea,Detox Tea,True,1,no,
Devil's Claw,Devil's Claw,True,1,no,
Diagnox Menopause Stage Indicator FSH test,Diagnox,False,1,no,
Diet Soda,Diet Soda,False,1,no,
Dietas para Adelgazar,Dietas para Adelgazar,False,1,no,
digestive enzyme,Digestive Enzyme,True,1,no,
digestive enzyme with hydrochloric acid,Digestive Enzyme,True,1,no,
dim,Dim,True,1,no,
Dindolylmethane (DIM),Dindolylmethane,True,1,no,
Dinoxx,Dinoxx,True,1,no,
divagel,Divagel,True,1,no,
dolci,Dolci,False,1,no,
root extracts from Dong Quai,Dong Quai,True,1,no,
Dormeasan,Dormeasan,True,1,no,
Dormeasan (Valerian + Hops),Dormeasan,True,1,no,
Dr Alia,Dr Alia,False,1,no,
Dr Mari Laasma Laserravi- ja Ilukliinik,Dr Mari Laasma,False,1,no,
Dr. Heyne’s free quiz,Dr. Heyne’s,False,1,no,
Dr. S Krishnakumar,Dr. S Krishnakumar,False,1,no,
Dr. Squatch,Dr. Squatch,False,1,no,
"dream,dream, dream",Dream,False,1,no,
Dream Cocktail,Dream Cocktail,False,1,no,
Dream Girl Sleep Gummies,Dream Girl Sleep,True,1,no,
Dream Sleep Method,Dream Sleep Method,False,1,no,
Duavee,Duavee,True,1,no,
dutasteride,Dutasteride,True,1,no,
Dydrogesterone 5/10 mg Femoston combination,Dydrogesterone,False,1,no,
eccoli,E. coli,False,1,no,
EAA,EAA,True,1,no,
EGCG,EGCG,True,1,no,
EMS toning shorts,EMS toning shorts,False,1,no,
ESE 60,ESE 60,False,1,no,
ESPOLON,ESPOLON,False,1,no,
EVA BIOTIC,EVA BIOTIC,True,1,no,
EVABIOTIC,EVABIOTIC,True,1,no,
ear seeds,Ear Seeds,True,1,no,
elechinina,Echinacea,True,1,no,
es saragud pind,Echinacea,True,1,no,
edamame protein bites,Edamame Protein,True,1,no,
Effexor,Effexor,False,1,no,
Eggs,Egg,False,1,no,
egg cells,Egg,False,1,no,
EGGS,Egg,False,1,no,
eggs,Eggs,False,1,no,
pastured eggs,Eggs,False,1,no,
El Método del Plato para Mujeres +50,El Método del Plato para Mujeres +50,False,1,no,
Electrolyte powders,Electrolyte,True,1,no,
ELECTROLYTES,Electrolytes,True,1,no,
eleuthero root,Eleuthero,True,1,no,
Eleuthero,Eleuthero,True,1,no,
Ella Sera,Ella Sera,False,1,no,
Elle Sera,Elle Sera,False,1,no,
Endocrine Hormonal Powder Blend,Endocrine Hormonal Powder Blend,True,1,no,
Energise Tea,Energise Tea,True,1,no,
energy supplements,Energy,False,1,no,
energy,Energy,False,1,no,
homemade energy balls and mint tea,Energy Balls,False,1,no,
"energy-boosting, antioxidant, and collagen-supporting supplements",Energy-Boosting Antioxidant Collagen-Supporting,True,1,no,
enhancement trio,Enhancement Trio,False,1,no,
Ensil,Ensil,False,1,no,
my enzyme energy,Enzyme,True,1,no,
Epo,Epo,True,1,no,
es cósmica,Es Cósmica,False,1,no,
Escitalopram,Escitalopram,False,1,no,
escitalopram,Escitalopram,False,1,no,
essential vitamins,Essential Vitamins,True,1,no,
essential vitamins and minerals,Essential Vitamins and Minerals,False,1,no,
EstraVera,EstraVera,True,1,no,
Estradiol patches,Estradiol,False,1,no,
Transdermal estradiol patch,Estradiol,False,1,no,
generic estradiol patch,Estradiol,False,1,no,
systemic estradiol,Estradiol,False,1,no,
Topical Estradiol,Estradiol,False,1,no,
Estradiol patch,Estradiol,True,1,no,
estradiol gel,Estradiol,False,1,no,
Estradiolo,Estradiol,False,1,no,
EstrAval,Estradiol,False,1,no,
transdermal estradiol patches,Estradiol,False,1,no,
compounded estradiol and testosterone,Estradiol,False,1,no,
Estradiol Patches,Estradiol,True,1,no,
transdermal estradiol,Estradiol,False,1,no,
transdermal estradiol patch,Estradiol,False,1,no,
Estring,Estring,True,1,no,
M4 estriol based face cream,Estriol,False,1,no,
topical estriol cream,Estriol,False,1,no,
Estriol+ Face Cream,Estriol,True,1,no,
Estriol+ Eye Cream,Estriol,True,1,no,
Estro G100,Estro G100,True,1,no,
EstroG-100®,EstroG-100,True,1,no,
Estrodial,Estrodial,True,1,no,
Estrogel,Estrogel,True,1,no,
oestrogen only HRT,Estrogen,False,1,no,
transdermal estrogen,Estrogen,False,1,no,
Vaginal estradiol testosterone,Estrogen,False,1,no,
bioidentical estrogen patch,Estrogen,False,1,no,
estrogen and progesterone,Estrogen,False,1,no,
topical vaginal estrogen,Estrogen,False,1,no,
topical estrogen cream,Estrogen,False,1,no,
Vaginal estrogen cream,Estrogen,False,1,no,
Vaginal Estrogen,Estrogen,False,1,no,
low dose pelvic estrogen,Estrogen,False,1,no,
oestrogen patches,Estrogen,False,1,no,
The Estrogen Pill,Estrogen,True,1,no,
Hormone products containing estrogen,Estrogen,False,1,no,
local estrogen cream,Estrogen,False,1,no,
Гель с Эстрогеном,Estrogen,True,1,no,
vaginal estrogen cream,Estrogen,False,1,no,
combination therapies of estrogen and progesterone,Estrogen,False,1,no,
oral estrogen,Estrogen,False,1,no,
estrogen replacement therapy,Estrogen,False,1,no,
雌激素,Estrogen,False,1,no,
östrogen,Estrogen,False,1,no,
estrógeno,Estrogen,False,1,no,
low dose estrogen,Estrogen,False,1,no,
estrogen supplementation,Estrogen,False,1,no,
Vaginal estrogen,Estrogen,False,1,no,
bioidentical estrogen,Estrogen,False,1,no,
combined estrogen & progesterone cream,Estrogen & Progesterone Cream,True,1,no,
estrogen balance,Estrogen Balance,True,1,no,
estrogens,Estrogens,False,1,no,
Okesono Estroven,Estroven,True,1,no,
Estroven Complete Multi-Symptom,Estroven,True,1,no,
eucalyptus oil shower mist,Eucalyptus Oil,False,1,no,
Eucommia bark,Eucommia,True,1,no,
Eura,Eura,False,1,no,
evening primrose capsule (gama linolenico),Evening Primrose,True,1,no,
Evening Primrose oil,Evening Primrose,True,1,no,
Evening Primrose Oil (EPO),Evening Primrose Oil,True,1,no,
Evening Primrose Oil Gummies,Evening Primrose Oil,True,1,no,
óleo de borragem,Evening Primrose Oil,True,1,no,
ever balance,Ever Balance,False,1,no,
Evimis,Evimis,True,1,no,
Evorel,Evorel,True,1,no,
Exfoliating acids,Exfoliating Acids,True,1,no,
extra roll cream,Extra Roll Cream,False,1,no,
sustain preservative free eye drops,Eye Drops,False,1,no,
eye drops,Eye Drops,False,1,no,
FAQS on Menopause,FAQs,False,1,no,
FEMENO,FEMENO,True,1,no,
FREE supplement guide,FREE,False,1,no,
FREE Guide,FREE Guide,False,1,no,
FREE guide,FREE guide,False,1,no,
FSH,FSH,False,1,no,
TouchBio FSH At-Home Test,FSH,False,1,no,
Fabi Shrooms Menopause and Peri,Fabi Shrooms Menopause and Peri,True,1,no,
Fabu Meno and Peri,Fabu Meno and Peri,True,1,no,
false unicorn,False Unicorn,True,1,no,
Fast Metabolism Diet,Fast Metabolism Diet,False,1,no,
Fast Track: 5-Day Menopause Weight Loss Challenge,Fast Track,False,1,no,
30-day Fast Track,Fast Track,False,1,no,
fat burners,Fat Burners,True,1,no,
Feel Menopause,Feel,False,1,no,
FEM MENO,Fem Menopause,True,1,no,
FEM PERIMENO NON HORMONAL CAPSULES,Fem Perimeno Non Hormonal Capsules,True,1,no,
FemMeno,FemMeno,True,1,no,
female-hormone-balance,Female Hormone Balance,False,1,no,
female protocol,Female Protocol,False,1,no,
female-specific community,Female-Specific Community,False,1,no,
Femarelle Unstoppable,Femarelle,True,1,no,
Femarelle,Femarelle,True,1,no,
Feminapause™,Feminapause,True,1,no,
feminine wash,Feminine Wash,False,1,no,
Femipause,Femipause,True,1,no,
FemmeX,FemmeX,True,1,no,
FemmenessencePRO PERI,Femmenessence PRO,True,1,no,
Femora Care,Femora Care,True,1,no,
Fempharma,Fempharma,True,1,no,
fennel seed,Fennel,True,1,no,
fenugreek,Fenugreek,True,1,no,
Fenugreek Seed Extract,Fenugreek,True,1,no,
fenugreek seed extract,Fenugreek,True,1,no,
Fenugreek seed,Fenugreek,True,1,no,
olisatento feno,Fenugreek,True,1,no,
Acqua Ferrarelle,Ferrarelle,False,1,no,
Ferritin Plus,Ferritin,True,1,no,
Fezolinetant (Veozah),Fezolinetant,True,1,no,
Fezolinetanto,Fezolinetanto,True,1,no,
Fiber-Rich Foods,Fiber,False,1,no,
30 grams of fiber,Fiber,False,1,no,
The Pause Nutrition flavorless fiber,Fiber,True,1,no,
Fibre supplement,Fiber,True,1,no,
daily fiber gummies,Fiber,True,1,no,
daily fiber plus,Fiber,True,1,no,
fiber GDX dietary supplement,Fiber,True,1,no,
The Pause Nutrition Fiber,Fiber,True,1,no,
fiber-rich veggies daily,Fiber,False,1,no,
Special menopause fiber blends,Fiber,True,1,no,
veggie fiber,Fiber,True,1,no,
fiber supplements,Fiber,True,1,no,
high fiber,Fiber,True,1,no,
Fiber Lean,Fiber Lean,True,1,no,
fiber matrix drink,Fiber Matrix,True,1,no,
filtered water,Filtered Water,False,1,no,
finasteride,Finasteride,True,1,no,
fire,Fire,False,1,no,
Firm Momin,Firm Momin,False,1,no,
Fisetin,Fisetin,True,1,no,
Fish,Fish,False,1,no,
smash fish,Fish,True,1,no,
"mackerel, sardines",Fish Oil,True,1,no,
SMASH FISH,Fish Oil,True,1,no,
Fitogen,Fitogen,True,1,no,
fitoöstrojen,Fitoöstrojen,True,1,no,
five tests,Five Tests,False,1,no,
Five-Day Reset program,Five-Day Reset,False,1,no,
Five-element incense beads,Five-Element Incense Beads,False,1,no,
Flavia Nocta,Flavia Nocta,False,1,no,
Flavia Plus,Flavia Plus,True,1,no,
"flax, chia, and hemp seeds",Flax,True,1,no,
"ground flax, chia seeds, and hemp seeds",Flax,True,1,no,
flax seed,Flax Seed,True,1,no,
Flax Seed,Flax Seed,True,1,no,
Brown flax,Flaxseed,True,1,no,
Sementes de Linhaça,Flaxseed,True,1,no,
ground flaxseed,Flaxseed,True,1,no,
Ground flaxseed,Flaxseed,True,1,no,
Flaxseed,Flaxseed,True,1,no,
flibanserin or addyi,Flibanserin,False,1,no,
Flibanserine,Flibanserine,True,1,no,
Flo,Flo,False,1,no,
Flo For Perimenopause,Flo,True,1,no,
Floradix,Floradix,True,1,no,
flour,Flour,False,1,no,
Flow Vitamins,Flow Vitamins,True,1,no,
Flowerdix,Flowerdix,True,1,no,
Focus Factor,Focus Factor,True,1,no,
focus support supplement,Focus Support,True,1,no,
MTHF,Folate,True,1,no,
metilfolato,Folate,True,1,no,
L methylfolate,Folate,True,1,no,
folate vitamin,Folate,True,1,no,
folic acid,Folic Acid,True,1,no,
Folic Acid,Folic Acid,True,1,no,
natural folic acid,Folic Acid,True,1,no,
follicle stimulating hormone,Follicle Stimulating Hormone,False,1,no,
Antioxidant-Rich Foods,Food,False,1,no,
top science-backed foods,Food,False,1,no,
slow-release low GI foods,Food,False,1,no,
FortiBone,FortiBone,True,1,no,
Fortibone®,Fortibone,True,1,no,
Free BRI calculator,Free BRI calculator,False,1,no,
"the small, golden and powerful fruit",Fruit,False,1,no,
Fruits & Vegetables,Fruits & Vegetables,False,1,no,
Fruity Pebbles,Fruity Pebbles,False,1,no,
Fullscript,Fullscript,False,1,no,
fumering,Fumering,False,1,no,
Functional Medicine,Functional Medicine,False,1,no,
functional mushroom gummy,Functional Mushroom,True,1,no,
10 functional mushrooms,Functional Mushrooms,True,1,no,
g7 supplements,G7,False,1,no,
GHKCU,GHK-Cu,True,1,no,
GLA oils,GLA,True,1,no,
GLP-1 probiotic,GLP-1,True,1,no,
GLP-1 ilaçları,GLP-1,False,1,no,
GLP-1 medications,GLP-1,False,1,no,
GLP-1 Probiotic,GLP-1 Probiotic,True,1,no,
GNC vitamin pack,GNC,True,1,no,
GNC supplement pack,GNC,True,1,no,
GNC Age-Based Vitapaks Program for Women - 30+/40+/50+ Daily Packs,GNC Age-Based Vitapaks,True,1,no,
GNC Women's Vitapak,GNC Women's Vitapak,True,1,no,
GUIDA,GUIDA,False,1,no,
Gabapentin,Gabapentin,True,1,no,
Galveston Diet,Galveston Diet,False,1,no,
Gami Soyosan,Gami Soyosan,True,1,no,
gandamen seeds,Gandamen,True,1,no,
garcinia cambogia,Garcinia Cambogia,True,1,no,
gels,Gel,False,1,no,
GenPro,GenPro,True,1,no,
general vegetables,General Vegetables,False,1,no,
Genesin,Genesin,True,1,no,
Genesis Advanced Hydration Summer Orange Flavour Multi Vitamin 90 Day Supply,Genesis Advanced Hydration,True,1,no,
Genesis Gold,Genesis Gold,True,1,no,
Genistein (geniVida®),Genistein,True,1,no,
Gennev,Gennev,True,1,no,
Gepretix,Gepretix,True,1,no,
gester,Gester,False,1,no,
ghee,Ghee,False,1,no,
Ghee,Ghee,False,1,no,
Ghost Blessing,Ghost Blessing,False,1,no,
Giant Byoungpool,Giant Byoungpool,False,1,no,
Gigi,Gigi,False,1,no,
Gilliou Perfect Hormonal Balance,Gilliou Perfect Hormonal Balance,True,1,no,
Gengibre,Ginger,True,1,no,
fresh grated ginger,Ginger,True,1,no,
zenzero,Ginger,True,1,no,
ginkgo,Ginkgo,True,1,no,
P-N-A-X ginseng,Ginseng,True,1,no,
ginseng extracts,Ginseng,True,1,no,
Extrato de Ginseng,Ginseng,True,1,no,
Gisley,Gisley,False,1,no,
Glamlatte,Glamlatte,False,1,no,
Gleeful Over 30 Hormone Support,Gleeful,True,1,no,
Gleefull Supplements,Gleefull,True,1,no,
glow,Glow,False,1,no,
Glow PM,Glow PM,True,1,no,
GLOW UP ERA,Glow Up Era,False,1,no,
Glutathione Antioxidant Serum,Glutathione,True,1,no,
Cymbiotika liposomal glutathione,Glutathione,True,1,no,
Cattier Glutathione,Glutathione,True,1,no,
liposomal glutathione,Glutathione,True,1,no,
gluten free,Gluten Free,False,1,no,
gluten free pasta,Gluten Free Pasta,False,1,no,
Glycine,Glycine,True,1,no,
glicina,Glycine,True,1,no,
glycofene,Glycofen,True,1,no,
glycolic acid,Glycolic Acid,False,1,no,
Go Healthy Pro,Go Healthy Pro,True,1,no,
Goalie Nutrition,Goalie Nutrition,False,1,no,
Goat Liver,Goat Liver,True,1,no,
Goji hair mask,Goji,True,1,no,
Goji,Goji,True,1,no,
goji berries,Goji Berries,True,1,no,
Goji berries,Goji Berry,True,1,no,
Goli® Nutrition #goliwomenscompletemultigummies,Goli Women's Complete Multigummies,True,1,no,
Goliyan,Goliyan,False,1,no,
Gomi Wellness Gut Harmony,Gomi Wellness,True,1,no,
Good Girl RX,Good Girl RX,False,1,no,
gotu kola,Gotu Kola,True,1,no,
granola,Granola,False,1,no,
grape seed,Grape Seed,True,1,no,
Grapefruit juice,Grapefruit,False,1,no,
Greek yoghurt,Greek Yoghurt,False,1,no,
full fat Greek yogurt,Greek Yogurt,False,1,no,
full-fat Greek yogurt,Greek Yogurt,False,1,no,
green supplement,Green,True,1,no,
green apple,Green Apple,False,1,no,
green gummies,Green Gummies,True,1,no,
Green juices,Green Juice,False,1,no,
Green Tea Fat Mobilizer,Green Tea,True,1,no,
Green tea fat mobilizers,Green Tea,True,1,no,
Green tea,Green Tea,True,1,no,
Green Tea,Green Tea,True,1,no,
greens,Greens,True,1,no,
greens blend,Greens Blend,True,1,no,
greens drink,Greens Drink,True,1,no,
growth hormone,Growth Hormone,True,1,no,
Гормон роста,Growth Hormone,True,1,no,
guaifa,Guaifa,False,1,no,
gum disease,Gum Disease,False,1,no,
gummy,Gummy,False,1,no,
my happy gut cleanse,Gut Cleanse,True,1,no,
Gut Hormone Protocol,Gut Hormone Protocol,False,1,no,
Gut Weight,Gut Weight,False,1,no,
Gymnema,Gymnema,True,1,no,
HEAL,HEAL,False,1,no,
HHC 24/7,HHC,True,1,no,
HIIT,HIIT,False,1,no,
HOS-5 Challenge,HOS-5 Challenge,False,1,no,
HPA package,HPA,False,1,no,
HRT programs,HRT,False,1,no,
Winona HRT cream,HRT,True,1,no,
HRT patch,HRT,False,1,no,
HRT for women,HRT,False,1,no,
HRT cream,HRT,True,1,no,
HRT pellets,HRT,True,1,no,
Hair Growth Max,Hair Growth Max,True,1,no,
Hair Growth Serum,Hair Growth Serum,False,1,no,
Hair Growth Stimulants,Hair Growth Stimulants,False,1,no,
Hair Lush Serum,Hair Lush Serum,False,1,no,
Hair Oil Serum,Hair Oil Serum,False,1,no,
Hair Serum,Hair Serum,False,1,no,
hair skin and nails gummies,Hair Skin and Nails,True,1,no,
hair supplement,Hair Supplement,True,1,no,
Hair Support,Hair Support,True,1,no,
hair thinning supplements,Hair Thinning Supplements,True,1,no,
hair vitamin mats,Hair Vitamin,True,1,no,
"Hair, Skin & Nails","Hair, Skin & Nails",True,1,no,
"hair, skin, and nails supplement","Hair, Skin, and Nails Supplement",True,1,no,
hairline powder,Hairline Powder,True,1,no,
hake,Hake,False,1,no,
Happy Baby,Happy Baby,False,1,no,
Happy Hoo-Ha,Happy Hoo-Ha,False,1,no,
Happy Juice,Happy Juice,False,1,no,
Happy Mammoth Hormone Harmony,Happy Mammoth Hormone Harmony,True,1,no,
Happy Menopause course,Happy Menopause,False,1,no,
Happy V Menopause Relief AM + PM Capsules,Happy V,True,1,no,
Haritaki,Haritaki,True,1,no,
hawthorn,Hawthorn,True,1,no,
Hawthorn berries,Hawthorn,True,1,no,
hazelnuts,Hazelnuts,False,1,no,
He Shou Wu,He Shou Wu,True,1,no,
Healing Hormones: LIVE,Healing Hormones,True,1,no,
Health and Her,Health and Her,False,1,no,
Health in Menopause,Health in Menopause,False,1,no,
Healthmate endurance,Healthmate Endurance,True,1,no,
Healthy Eating Index,Healthy Eating Index,False,1,no,
Healthy Gut Healthy Bones Program,Healthy Gut Healthy Bones,False,1,no,
heart 7,Heart 7,False,1,no,
heart palpitations,Heart Palpitations,False,1,no,
Heart and Soil Her Package,Heart and Soil,True,1,no,
Heel Genius,Heel Genius,False,1,no,
Helperhair Vianne,Helperhair Vianne,False,1,no,
hemoglobin A1C,Hemoglobin A1C,False,1,no,
Hemp parts,Hemp,False,1,no,
hemp seeds,Hemp,True,1,no,
"Body Health Whole Trilogy seeds (hemp, chia, flax blend)",Hemp,True,1,no,
hemp,Hemp,True,1,no,
Her Wellness,Her Wellness,False,1,no,
OZiva’s HerBalance,HerBalance,True,1,no,
Herbs,Herb,False,1,no,
Herbal Harmony,Herbal Harmony,False,1,no,
herbal medicines,Herbal Medicine,False,1,no,
herbal supplement,Herbal Supplement,True,1,no,
herbal tea,Herbal Tea,False,1,no,
loose leaf herbal tea,Herbal Tea,False,1,no,
cooling herbal teas,Herbal Tea,False,1,no,
Hormone Balance Herbal Tea,Herbal Tea,True,1,no,
these herbs,Herbs,False,1,no,
Hifas da Terra,Hifas da Terra,True,1,no,
High Protein Meal Plan,High Protein,False,1,no,
High-Protein / Anti-Inflammatory Diet,High-Protein,False,1,no,
Highlands Women's Menno Multi + Youthful Skin,Highlands Women's Menno Multi,True,1,no,
hip pain,Hip Pain,False,1,no,
HistamineIntolerance.org,Histamine,False,1,no,
Holistic Herbs,Holistic Herbs,False,1,no,
Holland & Barrett,Holland & Barrett,False,1,no,
holy basil or tulsi,Holy Basil,True,1,no,
Tulsi aka Holy Basil,Holy Basil,True,1,no,
holy basil,Holy Basil,True,1,no,
Holy Momin,Holy Basil,True,1,no,
holy basil (Tulsi),Holy Basil,True,1,no,
Holy basil,Holy Basil,True,1,no,
Homeopathy,Homeopathy,False,1,no,
raw organic unprocessed honey,Honey,False,1,no,
HONEY,Honey,True,1,no,
raw honey,Honey,False,1,no,
honey,Honey,False,1,no,
dried honeysuckle,Honeysuckle,True,1,no,
lupulo,Hop,True,1,no,
hops tincture,Hops,True,1,no,
Hormonal Harmony,Hormonal Harmony,False,1,no,
hormonal replacement,Hormonal Replacement,False,1,no,
bioidentical hormonal replacement therapy supplements,Hormonal Replacement Therapy,False,1,no,
reposição hormonal personalizada,Hormonal Replacement Therapy,False,1,no,
hormonal support,Hormonal Support,False,1,no,
Hormonal therapy,Hormonal Therapy,False,1,no,
hormone based herbal blends,Hormone,True,1,no,
Hormone Gummies,Hormone,True,1,no,
hormone supplements,Hormone,True,1,no,
bioidentical hormone,Hormone,False,1,no,
hormone supplementation,Hormone,True,1,no,
Hormone Balance Gummies,Hormone Balance,True,1,no,
Hormone Balance blend,Hormone Balance,True,1,no,
hormone balance capsules,Hormone Balance,True,1,no,
Hormone Balance Plus,Hormone Balance Plus,True,1,no,
Hormone balancing supplement,Hormone Balancing Supplement,True,1,no,
Hormone Bliss,Hormone Bliss,False,1,no,
Hormone Harmony Over 35,Hormone Harmony,True,1,no,
Gomi Wellness Hormone Harmony,Hormone Harmony,True,1,no,
Hormone Health,Hormone Health,True,1,no,
Jeuneora Hormone Hero,Hormone Hero,True,1,no,
Hormone Pack,Hormone Pack,True,1,no,
hormone panel,Hormone Panel,False,1,no,
hormone patches,Hormone Patches,False,1,no,
hormone regulators,Hormone Regulators,True,1,no,
hormone replacement pellets,Hormone Replacement Pellets,False,1,no,
bio identical hormone replacement therapy,Hormone Replacement Therapy,False,1,no,
"Hormone Replacement Therapy (HRT,MT, HT)",Hormone Replacement Therapy,False,1,no,
Bioidentical hormone replacement therapy,Hormone Replacement Therapy,False,1,no,
hormone replacement therapy (HRT),Hormone Replacement Therapy,False,1,no,
Hormone replacement therapy (HRT),Hormone Replacement Therapy,False,1,no,
bioidentical hormone replacement,Hormone Replacement Therapy,False,1,no,
Hormone Replacement Therapy drugs,Hormone Replacement Therapy,False,1,no,
personalized hormone replacement therapy,Hormone Replacement Therapy,False,1,no,
Hormone ReplacementTherapy,Hormone Replacement Therapy,False,1,no,
Hormone reset plan,Hormone Reset Plan,False,1,no,
hormone specialist,Hormone Specialist,False,1,no,
Hormone Therapy Decoded,Hormone Therapy,False,1,no,
Hormones,Hormones,False,1,no,
HORMONES,Hormones,True,1,no,
horsetail,Horsetail,True,1,no,
Hot Flash,Hot Flash,False,1,no,
How to Menopause,How To Menopause,False,1,no,
Hugo Spritz,Hugo Spritz,False,1,no,
humalaekstrakti,Humala Ekstrakti,True,1,no,
Human Nature feminine wash,Human Nature,False,1,no,
Huperzine A,Huperzine A,True,1,no,
Hyaluronic Acid,Hyaluronic Acid,True,1,no,
Hyaluronic acid suppository,Hyaluronic Acid,True,1,no,
Hyaluronic acid,Hyaluronic Acid,True,1,no,
Hydrate + Detox,Hydrate + Detox,True,1,no,
hydration,Hydration,False,1,no,
hydrocortisone cream,Hydrocortisone,True,1,no,
Hydroquinone Even Tone Cream,Hydroquinone,True,1,no,
hypochlorous acid,Hypochlorous Acid,True,1,no,
IM8 Daily Ultimate Essentials Pro,IM8,True,1,no,
IM8 Daily Essentials,IM8,True,1,no,
IM8 Longevity,IM8 Longevity,True,1,no,
IR Clinical serum,IR Clinical serum,False,1,no,
IT Cosmetics Do it All Serum Balm,IT Cosmetics Do it All Serum Balm,False,1,no,
IUD,IUD,False,1,no,
IV nutrient therapy,IV nutrient therapy,False,1,no,
ice,Ice,False,1,no,
ice cap,Ice Cap,False,1,no,
Imersão Emagrecer 40+,Imersão Emagrecer,True,1,no,
Immunboost Women 50+,Immunboost Women 50+,True,1,no,
immunity powder,Immunity Powder,True,1,no,
indole 3 carbinol,Indole 3 Carbinol,True,1,no,
indole-3-carbinol,Indole-3-Carbinol,True,1,no,
indoles,Indoles,True,1,no,
INFLAMMATION,Inflammation,False,1,no,
inhame,Inhame,False,1,no,
magnésio inositol,Inositol,True,1,no,
myo + d-chiro inositol (40:1),Inositol,True,1,no,
Her Insitol Blend hormonal balance tablets,Inositol,True,1,no,
Инсулин,Insulin,False,1,no,
Intermittent fasting,Intermittent Fasting,False,1,no,
Intimate Dryness,Intimate Dryness,False,1,no,
Intrarosa,Intrarosa,True,1,no,
intrarosa,Intrarosa,True,1,no,
Introduction to Healing With Traditional Chinese Medicine,Introduction to Healing With Traditional Chinese Medicine,False,1,no,
inulin,Inulin,True,1,no,
Supplements that everyone with hypothyroidism needs,Iodine,True,1,no,
Supplements for those without a thyroid and for those after RAI,Iodine,True,1,no,
Iodine,Iodine,True,1,no,
Ipamorelin,Ipamorelin,True,1,no,
Iris,Iris,False,1,no,
irish sea moss,Irish Sea Moss,True,1,no,
high dose iron,Iron,True,1,no,
iron tonic,Iron,True,1,no,
Hemagenics Iron Advanced,Iron,True,1,no,
iron deficiency,Iron,True,1,no,
Iron Energy,Iron,True,1,no,
iron supplementation,Iron,True,1,no,
ionic iron,Iron,True,1,no,
Iron + Vitamin C,Iron,True,1,no,
hierro,Iron,True,1,no,
Hierro,Iron,True,1,no,
iron and B12,Iron,True,1,no,
"children’s biscuits, very light and fortified with iron and B‑vitamins",Iron,True,1,no,
Iron Blood Builder,Iron,True,1,no,
isabgol,Isabgol,True,1,no,
soja isoflavoone,Isoflavone,True,1,no,
isoflavone supplement,Isoflavone,True,1,no,
isoflavones,Isoflavones,True,1,no,
phytoestrogens (from soy Isoflavones),Isoflavones,True,1,no,
JVN,JVN,False,1,no,
jasmine,Jasmine,False,1,no,
jasmine extract,Jasmine Extract,True,1,no,
Jeju lava water,Jeju Lava Water,False,1,no,
joint pain,Joint Pain,False,1,no,
joints,Joint Support,False,1,no,
JoyLux,JoyLux,True,1,no,
Julva,Julva,True,1,no,
K,K,False,1,no,
kalojam,Kalojam,True,1,no,
organic kelp,Kelp,True,1,no,
Kelp,Kelp,True,1,no,
Kerala Essence,Kerala Essence,True,1,no,
Keto diet,Keto,False,1,no,
keto,Keto,False,1,no,
Keto Diet,Keto Diet,False,1,no,
keto green,Keto Green,False,1,no,
Key Peri & Menopause,Key Peri,True,1,no,
key zen,Key Zen,False,1,no,
Key Zen,Key Zen,True,1,no,
Key for Her Perimenopause supplement,Key for Her,True,1,no,
kidney points,Kidney,False,1,no,
kidney 3,Kidney 3,False,1,no,
Kiko Vitals,Kiko Vitals,True,1,no,
Kindra Daily V lotion,Kindra Daily V,False,1,no,
Kindra Daily V Lotion,Kindra Daily V,False,1,no,
kiwi fruit,Kiwi,False,1,no,
Kiwi,Kiwi,False,1,no,
deodorant with kojic acid and turmeric,Kojic Acid,False,1,no,
Kollo Health,Kollo Health,True,1,no,
Kollo Meno Support,Kollo Meno Support,True,1,no,
Kombu,Kombu,False,1,no,
Kombucha BIOMA,Kombucha,True,1,no,
Komi Wellness,Komi,True,1,no,
Komi Collagen Therapy,Komi Collagen,True,1,no,
komplexe Kohlenhydrate,Komplexe Kohlenhydrate,False,1,no,
koniczyna,Koniczyna,False,1,no,
aceite de krill,Krill Oil,True,1,no,
Kumkumadi Face Oil,Kumkumadi Face Oil,False,1,no,
Kwae kru,Kwae Kru,False,1,no,
KÜLKUF Cooling Wristband,KÜLKUF,False,1,no,
Linquite,L-Arginine,True,1,no,
L-carnitine,L-Carnitine,True,1,no,
L‑carnitine,L-Carnitine,True,1,no,
L-Dopa,L-Dopa,True,1,no,
L-Leucine,L-Leucine,True,1,no,
L theanine,L-Theanine,True,1,no,
L‑theanine,L-Theanine,True,1,no,
L-Tyrosine,L-Tyrosine,True,1,no,
L3 and 8 type,L3,True,1,no,
LANGVIP6,LANGVIP6,False,1,no,
small dense LDL particles,LDL,False,1,no,
LEDA5,LEDA5,False,1,no,
52mg LNG IUD,LNG IUD,False,1,no,
LTK,LTK,False,1,no,
La Roche-Posay,La Roche-Posay,False,1,no,
Lactacystis,Lactacystis,False,1,no,
LactoBif 30,Lactobacillus,True,1,no,
lactose,Lactose,False,1,no,
Original Lash Serum,Lash Serum,False,1,no,
Latisse,Latisse,False,1,no,
legume,Legume,False,1,no,
pasta di legumi,Legume Pasta,False,1,no,
"legumes like lentils, chickpeas, and beans",Legumes,False,1,no,
lemmy,Lemmy,False,1,no,
lemmy curb,Lemmy Curb,False,1,no,
lemmy dim detox,Lemmy Dim Detox,True,1,no,
lemon,Lemon,False,1,no,
레몬,Lemon,False,1,no,
Lemon balm,Lemon Balm,True,1,no,
acqua e limone,Lemon Water,False,1,no,
Lemon Water,Lemon Water,False,1,no,
lemongrass tea,Lemongrass,True,1,no,
lemongrass,Lemongrass,True,1,no,
Lemons,Lemons,False,1,no,
leptin resistance,Leptin,False,1,no,
lettuce,Lettuce,False,1,no,
Water Levissima,Levissima,False,1,no,
Levonorgestrel,Levonorgestrel,True,1,no,
Lexapro,Lexapro,False,1,no,
li 4,Li 4,False,1,no,
Licorice powder,Licorice,True,1,no,
Life Extension 2-a-Day,Life Extension,True,1,no,
Life Extension,Life Extension,True,1,no,
Weight Management – LifeSeasons Therapeutics,LifeSeasons Therapeutics,True,1,no,
LifeSeasons Therapeutics Metabolism Weight Management,LifeSeasons Therapeutics Metabolism Weight Management,True,1,no,
light soda,Light Soda,False,1,no,
light up dildos,Light Up Dildos,False,1,no,
SDG Lignans (from flax),Lignans,True,1,no,
lime,Lime,False,1,no,
Lineage Provisions,Lineage Provisions,True,1,no,
linseed,Linseed,True,1,no,
linseed oil,Linseed Oil,True,1,no,
linseed oil (linhaça),Linseed Oil,True,1,no,
LION’S MANE,Lion's Mane,True,1,no,
Lion’s Mane,Lion's Mane,True,1,no,
Lion's mane,Lion's Mane,True,1,no,
Lioness Ready,Lioness Ready,False,1,no,
little gift,Little Gift,False,1,no,
Live Young,Live Young,False,1,no,
a good liver supplement,Liver,True,1,no,
LIVER,Liver,True,1,no,
liver cleanses,Liver,True,1,no,
liver,Liver,True,1,no,
Lo Bosworth,Lo Bosworth,False,1,no,
local estrogen,Local Estrogen,False,1,no,
Lo Loestrin,Loestrin,False,1,no,
lonqui,Lonicera,False,1,no,
lorid,Lorid,False,1,no,
Lovage root,Lovage,True,1,no,
Lovin' Libido,Lovin' Libido,True,1,no,
Low-Fat Diet,Low-Fat Diet,False,1,no,
lupini beans,Lupini,False,1,no,
Lustriva,Lustriva,True,1,no,
lutein,Lutein,True,1,no,
Lutigest,Lutigest,True,1,no,
Lydia Pinkham herbal tonic,Lydia Pinkham,True,1,no,
EverTide Lymphatic Drainage Capsules,Lymphatic Drainage,True,1,no,
Lynkiet,Lynkiet,False,1,no,
LYNKUET,Lynkue,True,1,no,
M4 Face Cream,M4,False,1,no,
M4 Body Cream,M4 Body Cream,False,1,no,
M4 Eye Cream Rx,M4 Eye Cream,False,1,no,
M4 Face Cream Rx,M4 Face Cream,False,1,no,
M4 Face Serum Rx,M4 Face Serum,True,1,no,
MB-1 45+,MB-1 45+,True,1,no,
MB1,MB1,True,1,no,
MCT,MCT,True,1,no,
MCT oil,MCT Oil,True,1,no,
MENNO,MENNO,False,1,no,
O Positiv MENO Gummies,MENO,True,1,no,
MENO gummies,MENO,True,1,no,
MENO & PERI,MENO & PERI,True,1,no,
online MENOPAUSE YOGA MEMBERSHIP,MENOPAUSE,False,1,no,
MENOPAUSE WELLNESS RETREAT,MENOPAUSE WELLNESS RETREAT,False,1,no,
MHD,MHD,False,1,no,
MTick,MTick,False,1,no,
maca powder,Maca,True,1,no,
maca peruana,Maca,True,1,no,
macca,Maca,True,1,no,
Maca peruviana,Maca,True,1,no,
macaroo powder,Macaroo Powder,False,1,no,
Macaroot,Macaroot,True,1,no,
Madequa,Madequa,True,1,no,
nbpure MagO7 - Natural Colon Cleanse & Detox,MagO7,True,1,no,
MagTower,MagTower,True,1,no,
mag oxide,Magnesium,True,1,no,
mag citrate,Magnesium,True,1,no,
MG,Magnesium,True,1,no,
Mg theeonate D3,Magnesium,True,1,no,
magnésio glicinato,Magnesium,True,1,no,
magnésio trionato,Magnesium,True,1,no,
Well Guard magnesium,Magnesium,True,1,no,
Magnesium L‑theronate,Magnesium,True,1,no,
Magnesium – Vitatree Magnesium,Magnesium,True,1,no,
Ortho Molecular Reacted Mag,Magnesium,True,1,no,
Moon Juice Cherry Magnesium with Melatonin,Magnesium,True,1,no,
magnesium glyconate,Magnesium,True,1,no,
magnet,Magnesium,True,1,no,
triple complex magnesium,Magnesium,True,1,no,
magnesium with L-theanine,Magnesium,True,1,no,
magnesium glycinate or malate,Magnesium,True,1,no,
Magnesio (forma bisglicinato),Magnesium,True,1,no,
magnesium oxide,Magnesium,True,1,no,
Magnesium (glycinate or citrate),Magnesium,True,1,no,
Calm Magnesium supplement drink mix,Magnesium,True,1,no,
Magnesium glycinate or citrate,Magnesium,True,1,no,
magnesium and zinc,Magnesium,True,1,no,
magnesium drink,Magnesium,True,1,no,
MegaFood Relax and Calm magnesium fruit chews,Magnesium,True,1,no,
Magnesium Supplements,Magnesium,True,1,no,
magnesium bisiknet,Magnesium,True,1,no,
MagCalm,Magnesium,True,1,no,
magnesium l-threonate,Magnesium,True,1,no,
Magnésio L-treonato,Magnesium,True,1,no,
Magneesium,Magnesium,True,1,no,
12-in-1 complex magnesium formula,Magnesium,True,1,no,
magnesium citrate tablets,Magnesium,True,1,no,
magnesium stearate,Magnesium,True,1,no,
Health4All Magnesium Gummies,Magnesium,True,1,no,
Magnésio L-Treonato (Magtein),Magnesium,True,1,no,
Magnesium Glycinate + L-theanine,Magnesium,True,1,no,
chelated magnesium,Magnesium,True,1,no,
magnesium electronico,Magnesium,True,1,no,
Chelated Magnesium,Magnesium,True,1,no,
liposomal magnesium glycinate,Magnesium,True,1,no,
Wellgard Gold Standard Magnesium,Magnesium,True,1,no,
MagBlue,Magnesium,True,1,no,
Magnezium,Magnesium,True,1,no,
Magnesuim,Magnesium,True,1,no,
magnezyum,Magnesium,True,1,no,
Magnesium (Glycinate or Citrate),Magnesium,True,1,no,
Mag 3N8 from Ortho Molecular,Magnesium,True,1,no,
Magnesium Supplement,Magnesium,True,1,no,
magnesium L threonate,Magnesium,True,1,no,
Magnesium-rich foods,Magnesium,False,1,no,
Biooptimizers Magnesium Breakthrough,Magnesium,True,1,no,
Magnesium Powder in Water,Magnesium,True,1,no,
malate magnesium,Magnesium,True,1,no,
magnesium glycerinate,Magnesium,True,1,no,
Magnesium Nite-Nite Roll-On,Magnesium,True,1,no,
magnesium oil,Magnesium,True,1,no,
citrate,Magnesium,True,1,no,
magnesium in the form of taurate or glycinate,Magnesium,True,1,no,
"chocolate biscuits, only 30 kcal, rich in chocolate which supplies magnesium",Magnesium,False,1,no,
magneziu,Magnesium,True,1,no,
Magnesium three,Magnesium,True,1,no,
Magnesium oil,Magnesium,True,1,no,
magnesium complex of macro ingredients,Magnesium,True,1,no,
magnesium oil spray,Magnesium,True,1,no,
Magnesium (Glycinate),Magnesium,True,1,no,
magnesium capsules,Magnesium,True,1,no,
magnolia root,Magnolia Root,True,1,no,
male-fertility,Male Fertility,True,1,no,
Naturium Mandelic Acid Body Wash,Mandelic Acid,False,1,no,
mango,Mango,False,1,no,
Manny M,Manny M,False,1,no,
Swiss marine collagen,Marine Collagen,True,1,no,
Mary Ruth's Morning Multivitamin,Mary Ruth's Morning Multivitamin,True,1,no,
Mary Ruth’s multivitamin,Mary Ruth's Multivitamin,True,1,no,
Mary Ruth’s Vitamins,Mary Ruth's Vitamins,True,1,no,
Mary Ruths Multivitamin with Lustriva,Mary Ruths Multivitamin,True,1,no,
Mastering Menopause with Pilates teacher training,Mastering Menopause,False,1,no,
matcha,Matcha,True,1,no,
Matcha,Matcha,True,1,no,
Matrix,Matrix,False,1,no,
Matrixyl-4 Collagen Peptide Serum,Matrixyl-4 Collagen,True,1,no,
maxadrenals,Max Adrenals,True,1,no,
Me.No.Pause,Me.No.Pause,False,1,no,
medications,Medications,False,1,no,
medicine or pharmacology,Medicine,False,1,no,
Mediterranean Diet,Mediterranean Diet,False,1,no,
Mediterranean-style diet,Mediterranean Diet,False,1,no,
medroxyprogesterone acetate,Medroxyprogesterone Acetate,False,1,no,
Mega Ratu Premium,Mega Ratu,True,1,no,
Mega-Tre,Mega-Tre,True,1,no,
melaslim,Melaslim,True,1,no,
melatonin sleep patches,Melatonin,True,1,no,
Mélatonine,Melatonin,True,1,no,
microactive melatonin,Melatonin,True,1,no,
melatonina,Melatonin,True,1,no,
Can-i Sleep Spray for Adults – Fast-Acting Melatonin Spray with GABA & 5-HTP,Melatonin,True,1,no,
Sassy Sage Cooling Sleep Patch with Melatonin,Melatonin,True,1,no,
Melatonin with B6,Melatonin,True,1,no,
melissa,Melissa,True,1,no,
Mellow Menopause™,Mellow Menopause,True,1,no,
OLLY Mellow Menopause™,Mellow Menopause,True,1,no,
Melon,Melon,False,1,no,
Melt For You vaginal inserts,Melt For You,False,1,no,
meme kanseri onaylıcıklar,Meme Kanseri Onaylıcıklar,False,1,no,
Ignite Daily Men's Libido Support Capsules,Men's Libido Support,True,1,no,
Menacheil,Menacheil,False,1,no,
Menachil,Menachil,False,1,no,
Menaforce,Menaforce,True,1,no,
menalya,Menalya,True,1,no,
menazitol,Menazitol,True,1,no,
Meno menopause vitamin capsules,Meno,True,1,no,
O Positiv Meno,Meno,True,1,no,
Her Meno capsules,Meno,True,1,no,
Meno powder,Meno,True,1,no,
Wild Dose A Dose For Meno,Meno,True,1,no,
Meno Menopause Support capsules,Meno,True,1,no,
MENO BALANCE gummies,Meno Balance,True,1,no,
Meno Balance,Meno Balance,True,1,no,
Meno Balance Gummies,Meno Balance,True,1,no,
Meno Botanicals,Meno Botanicals,True,1,no,
Happy Mammoth Meno Daily Menopause Vitamins & Supplements,Meno Daily,True,1,no,
Meno Dúo,Meno Duo,True,1,no,
Meno Gummies,Meno Gummies,True,1,no,
MENO Gummies,Meno Gummies,True,1,no,
Meno Menopause Vitamin supplement,Meno Menopause Vitamin,True,1,no,
Meno Pause,Meno Pause,True,1,no,
Meno Pregdhe,Meno Pregdhe,False,1,no,
Meno Relief,Meno Relief,True,1,no,
MENO RESCUE,Meno Rescue,True,1,no,
Meno Support,Meno Support,True,1,no,
GO MENO SUPPORT,Meno Support,True,1,no,
Meno Support Bundle,Meno Support Bundle,True,1,no,
O Positiv meno vitamin,Meno Vitamin,True,1,no,
Meno and Peri,Meno and Peri,True,1,no,
Meno-Chill Black Girl Vitamins,Meno-Chill,True,1,no,
meno-chill,Meno-Chill,True,1,no,
Meno-poo,Meno-Pause,True,1,no,
Meno-Strong,Meno-Strong,True,1,no,
O Positiv Meno-Vaginal Moisture Support Capsules,Meno-Vaginal Moisture Support,True,1,no,
Meno-cola,Meno-cola,True,1,no,
Bellabaci Meno-free,Meno-free,True,1,no,
Meno-slacks,Meno-slacks,False,1,no,
BGV MenoChill,MenoChill,True,1,no,
MenoCool,MenoCool,True,1,no,
MenoCyTonin,MenoCyTonin,True,1,no,
MenoFit,MenoFit,True,1,no,
MenoHelp,MenoHelp,True,1,no,
MenoLabs,MenoLabs,True,1,no,
MenoMate,MenoMate,True,1,no,
MenoMin,MenoMin,True,1,no,
MenoMize,MenoMize,True,1,no,
MenoMulti,MenoMulti,True,1,no,
MenoPlex,MenoPlex,True,1,no,
Pharma Plus MenoPlus,MenoPlus,True,1,no,
MenoPrep Guide,MenoPrep,True,1,no,
MenoRenew Complete,MenoRenew,True,1,no,
MenoSupport,MenoSupport,True,1,no,
MenoVive,MenoVive,True,1,no,
Menobalance,Menobalance,True,1,no,
Menobotanical range capsule,Menobotanical,True,1,no,
Black Girl Vitamins Menochill,Menochill,True,1,no,
Black Girl Vitamins Menochill Dietary Supplement,Menochill,True,1,no,
Menocil,Menocil,True,1,no,
Menoelle Night Intense,Menoelle,True,1,no,
Menoforce,Menoforce,True,1,no,
Menomin,Menomin,True,1,no,
#Menopace,Menopace,True,1,no,
Vitabiotics Menopace,Menopace,True,1,no,
Menopausal hormone therapy,Menopausal hormone therapy,False,1,no,
Linwoods Menoligna,Menopause,True,1,no,
Vitabiotics Menopause,Menopause,True,1,no,
menorise,Menopause,False,1,no,
Mixers Menopause,Menopause,True,1,no,
MENO Vitamins for Menopause,Menopause,True,1,no,
Daily Rise Menopause patches,Menopause,True,1,no,
O positive menopause gummies,Menopause,True,1,no,
MENO vitamin capsules,Menopause,True,1,no,
Menopause Vitamin Capsules,Menopause,True,1,no,
Menopause shampoo,Menopause,False,1,no,
Menopause gummy vitamins,Menopause,True,1,no,
Menopautonic,Menopause,True,1,no,
Knockout menopause,Menopause,False,1,no,
Kind patches menopause patches,Menopause,True,1,no,
Menopause & Nutrition Weight Loss Bundle,Menopause & Nutrition Weight Loss Bundle,True,1,no,
Organixx menopause balance and glow supplement,Menopause Balance,True,1,no,
Menopause Balance Plus,Menopause Balance Plus,True,1,no,
Elda's Menopause Balance Plus,Menopause Balance Plus,True,1,no,
Menopause Barbie,Menopause Barbie,False,1,no,
Menopause Care,Menopause Care,True,1,no,
Menopause Comfort Bitter,Menopause Comfort,True,1,no,
OmneDiem Menopause Complete,Menopause Complete,True,1,no,
H&B Menopause Complex,Menopause Complex,True,1,no,
menopause complexes,Menopause Complex,True,1,no,
Menopause Energy Guide,Menopause Energy,True,1,no,
Menopause Essentials Plus,Menopause Essentials,True,1,no,
MENO - Menopause Gummy Vitamin,Menopause Gummy Vitamin,True,1,no,
menopause hormone therapy (MHT),Menopause Hormone Therapy,False,1,no,
Menopause hormone therapy,Menopause Hormone Therapy,False,1,no,
Menopause Issue,Menopause Issue,False,1,no,
Menopause Mana,Menopause Mana,True,1,no,
Menopause Max,Menopause Max,True,1,no,
Menopause Method Together,Menopause Method,True,1,no,
Holistic Health Menopause Mood Relief tablets,Menopause Mood Relief,True,1,no,
O Positive menopause multi,Menopause Multi,True,1,no,
Menopause Multi-Nutrient Support,Menopause Multi-Nutrient Support,True,1,no,
Knockout Menopause PM,Menopause PM,True,1,no,
menopausepatch,Menopause Patch,True,1,no,
Kind Patches Menopause Patches,Menopause Patches,True,1,no,
Kind Menopause Patches,Menopause Patches,True,1,no,
kind menopause patches,Menopause Patches,True,1,no,
Menopause Power Shake,Menopause Power Shake,True,1,no,
Physician's CHOICE Menopause Probiotic Supplement for Women,Menopause Probiotic,True,1,no,
Menopause Quiz,Menopause Quiz,False,1,no,
Menopause rating scale,Menopause Rating Scale,False,1,no,
Menopause Relief,Menopause Relief,True,1,no,
Advanced Menopause Relief,Menopause Relief,True,1,no,
Kind Patches Menopause Relief Patches,Menopause Relief,True,1,no,
Menopause Relief Patches,Menopause Relief Patches,True,1,no,
Stronglife Menopause Relief Patches,Menopause Relief Patches,True,1,no,
5-Day Menopause Reset,Menopause Reset,True,1,no,
Martha’s Menopause Reset,Menopause Reset,True,1,no,
Menopause Society guidelines,Menopause Society,False,1,no,
Menopause Solutions,Menopause Solutions,True,1,no,
Bohdi Menopause Supplement,Menopause Supplement,True,1,no,
menopause supplement,Menopause Supplement,True,1,no,
Menopause Supplements Liquid D,Menopause Supplements,True,1,no,
@fabuwellness menopause supplements,Menopause Supplements,True,1,no,
Doctor's Formula Menopause Support,Menopause Support,True,1,no,
Advanced Menopause Support,Menopause Support,True,1,no,
Menopause Support Gummies,Menopause Support,True,1,no,
Menopause Support Yoga Flow,Menopause Support,True,1,no,
VitaCost Menopause Support,Menopause Support,True,1,no,
All-stage Menopause Support gummies,Menopause Support,True,1,no,
menopause support blend,Menopause Support,True,1,no,
O Positive Menopause Support,Menopause Support,True,1,no,
Nature’s Craft Menopause Support,Menopause Support,True,1,no,
Nature's Craft Menopause Support Gummies,Menopause Support,True,1,no,
Menopause Support Drinks,Menopause Support,True,1,no,
35-in-1 menopause support,Menopause Support,True,1,no,
menopause support liquid,Menopause Support,True,1,no,
Kind Patches Menopause Support Patches,Menopause Support,True,1,no,
menopause survival supplements,Menopause Survival,True,1,no,
Physician's Choice menopause total support,Menopause Total Support,True,1,no,
Physician's Choice Menopause Total Support,Menopause Total Support,True,1,no,
Menopause Vitamin Gummies,Menopause Vitamin,True,1,no,
O Positive Menopause Vitamin,Menopause Vitamin,True,1,no,
O Positive Menopause vitamins,Menopause Vitamins,True,1,no,
Make Time for Menopause and Brain Health gummies,Menopause and Brain Health,True,1,no,
menopause-informed clinician,Menopause-Informed Clinician,False,1,no,
Lambertsi Menopausi kompleks,Menopausi kompleks,True,1,no,
Menophil Plus Menopause Support,Menophil Plus,True,1,no,
Menoplus,Menoplus,True,1,no,
Menorescue,Menorescue,True,1,no,
Menoshred,Menoshred,True,1,no,
Menosil,Menosil,True,1,no,
Menoslim,Menoslim,True,1,no,
Menosmart+,Menosmart,True,1,no,
Menosmart Plus,Menosmart Plus,True,1,no,
menostop,Menostop,True,1,no,
Menovelle,Menovelle,True,1,no,
menovital,Menovital,True,1,no,
HealthAid Menovital,Menovital,True,1,no,
menstrual supplements,Menstrual Supplements,True,1,no,
Menstrual supplements,Menstrual supplements,True,1,no,
Mental Chill,Mental Chill,False,1,no,
MetaBoost Connection,MetaBoost Connection,True,1,no,
metabolic,Metabolic,False,1,no,
Metabolic-Max,Metabolic-Max,True,1,no,
Fire Up Your Metabolism,Metabolism,False,1,no,
Metagenics,Metagenics,True,1,no,
METAMUCIL,Metamucil,True,1,no,
Metamucil,Metamucil,True,1,no,
methyl support,Methyl Support,True,1,no,
methylene blue,Methylene Blue,True,1,no,
Metluma,Metluma,True,1,no,
Metoda Menopausa Insieme,Metoda Menopausa,True,1,no,
Micro Ingredients,Micro Ingredients,False,1,no,
Micro Ingredients 15 in 1 Advanced formula,Micro Ingredients 15 in 1 Advanced formula,True,1,no,
Microdosing,Microdosing,False,1,no,
Midi Supplements,Midi,False,1,no,
Midi supplements,Midi,False,1,no,
midi health,Midi Health,False,1,no,
MidiHealth,MidiHealth,False,1,no,
Midlife Mayhem,Midlife Mayhem,False,1,no,
miele,Miele,False,1,no,
migraines,Migraines,False,1,no,
Milann Fertility Centre,Milann,False,1,no,
mildew,Mildew,False,1,no,
Milk thistle seed extract,Milk Thistle,True,1,no,
Milk Thistle 3-in-1,Milk Thistle,True,1,no,
Millbond,Millbond,False,1,no,
Millet Bhel,Millet,True,1,no,
mineral,Mineral,True,1,no,
mineral water,Mineral Water,False,1,no,
minerals,Minerals,True,1,no,
a mix of minerals,Minerals,True,1,no,
minerals and healthy fats,Minerals,True,1,no,
Mini Multi,Mini Multi,True,1,no,
Mino,Mino,False,1,no,
Mino-Chill,Mino-Chill,True,1,no,
minocycline,Minocycline,True,1,no,
oral minoxidil,Minoxidil,True,1,no,
5% minoxidil,Minoxidil,True,1,no,
mint,Mint,False,1,no,
Mira,Mira,False,1,no,
Miraculous Natural Remedies – Part 1,Miraculous Natural Remedies,False,1,no,
Miraculous Natural Remedies – Part 2,Miraculous Natural Remedies,False,1,no,
Mirai Clinical,Mirai Clinical,False,1,no,
Mirena coil,Mirena,False,1,no,
Miror Bliss,Miror Bliss,False,1,no,
Miso,Miso,True,1,no,
frozen mixed berries,Mixed Berries,False,1,no,
mixed nuts,Mixed Nuts,False,1,no,
Mobilee,Mobilee,True,1,no,
Modern Menopause,Modern Menopause,False,1,no,
monk fruit,Monk Fruit,True,1,no,
Mood Mend,Mood Mend,False,1,no,
Mood Mend Max,Mood Mend Max,True,1,no,
Moon Balance pills,Moon Balance,True,1,no,
Moon Balance my cream,Moon Balance,False,1,no,
Morning Light,Morning Light,False,1,no,
Morning Restore,Morning Restore,False,1,no,
Mother Nature,Mother Nature,False,1,no,
MOTHERWORT,Motherwort,True,1,no,
Mounjaro,Mounjaro,True,1,no,
moxibustion,Moxibustion,False,1,no,
Mr Vitamins,Mr Vitamins,False,1,no,
Muira Puama,Muira Puama,True,1,no,
mulathi,Mulathi,True,1,no,
Mulethi (Licorice),Mulethi,True,1,no,
Mullein leaf tea,Mullein,True,1,no,
multi,Multi,True,1,no,
Multi Support 30 Tablets,Multi Support,True,1,no,
perimenopause multi vitamin,Multi Vitamin,True,1,no,
NEEDED perimenopause multi vitamin,Multi Vitamin,True,1,no,
Biologicals Research multi-mineral,Multi-Mineral,True,1,no,
multi-vitamin,Multi-Vitamin,True,1,no,
MULTI-VITAMINS,Multi-Vitamin,True,1,no,
broad spectrum multivitamin,Multivitamin,True,1,no,
liquid multivitamin,Multivitamin,True,1,no,
Biologicals Research multivitamin,Multivitamin,True,1,no,
Multivitamin Support After Menopause for Women 55+,Multivitamin,True,1,no,
Multivitamin 40+,Multivitamin,True,1,no,
Earthful Multivitamin 40+,Multivitamin,True,1,no,
multivitamin plus inulin plus inositol,Multivitamin,True,1,no,
Multivitamin for Women,Multivitamin,True,1,no,
Earthful Multivitamin for women 40+,Multivitamin,True,1,no,
Multivitamin After Menopause for Women 55+,Multivitamin,True,1,no,
sugar free multivitamins,Multivitamin,True,1,no,
Earthful’s Multivitamin Women 40+,Multivitamin,True,1,no,
Earthful multivitamin women 40 plus,Multivitamin,True,1,no,
multivitamin pack,Multivitamin,True,1,no,
Earthful women multivitamin 40+,Multivitamin,True,1,no,
Jeena Sikho Multivitamin for Women,Multivitamin,True,1,no,
Multivitaminas,Multivitamin,True,1,no,
multivitamínico,Multivitamin,True,1,no,
Earthful's Multivitamin Women 40+,Multivitamin,True,1,no,
Earthful Multivitamin for Women 40+,Multivitamin,True,1,no,
The Perimenopause Multivitamin Powder,Multivitamin,True,1,no,
regular multivitamin,Multivitamin,True,1,no,
Multivitamin Pack for mature womens,Multivitamin,True,1,no,
women's multivitamin,Multivitamin,True,1,no,
Muscle currency,Muscle Currency,False,1,no,
Musely prescription treatments,Musely,False,1,no,
mushroom adaptogen coffee,Mushroom,True,1,no,
Power mushroom,Mushroom,True,1,no,
mushroom gummy supplements,Mushroom,True,1,no,
mushroom supplements,Mushroom,True,1,no,
fabU shrooms,Mushrooms,True,1,no,
menopause balanced mushrooms,Mushrooms,True,1,no,
mushrooms,Mushrooms,False,1,no,
Muxer,Muxer,False,1,no,
My Home Farm,My Home Farm,False,1,no,
My Menopause Issue,My Menopause Issue,False,1,no,
mycostatin,Mycostatin,True,1,no,
myo inositol barberry,Myo Inositol,True,1,no,
MyoInositol,Myo Inositol,True,1,no,
myo inositol,Myo Inositol,True,1,no,
Myo-Inositol + Choline,Myo-Inositol,True,1,no,
Myoinositol,Myo-Inositol,True,1,no,
myoinositol,Myo-Inositol,True,1,no,
Myregyna®,Myregyna,True,1,no,
Mystro Revive Renewing Serum,Mystro Revive,False,1,no,
Mönchspfeffer Crocus Complex,Mönchspfeffer Crocus,True,1,no,
N-Acetyl-Cystein (NAC),N-Acetyl Cysteine,True,1,no,
NAC (N-Acetyl Cysteine),NAC,True,1,no,
GlyNAC,NAC,True,1,no,
NAD plus,NAD,True,1,no,
NAD supplement,NAD,True,1,no,
NAD BOOSTER,NAD Booster,True,1,no,
Vibrality NAD+ cellular vitality pills,NAD+,True,1,no,
NMN Complex,NMN,True,1,no,
NR,NR,False,1,no,
NUFORM,NUFORM,True,1,no,
NYX Professional Makeup Suga Baddie body care,NYX Professional Makeup,False,1,no,
nacre,Nacre,False,1,no,
Nail-Aid,Nail-Aid,True,1,no,
Native,Native,False,1,no,
Native deodorant,Native Deodorant,False,1,no,
Natural Healing,Natural Healing,False,1,no,
Natural Healing Hawaii,Natural Healing Hawaii,False,1,no,
natural hormone replacement therapies,Natural Hormone Replacement Therapy,False,1,no,
natural light,Natural Light,False,1,no,
Nature Made,Nature Made,True,1,no,
naturopath,Naturopath,False,1,no,
neck cream,Neck Cream,False,1,no,
Neck Fan,Neck Fan,False,1,no,
nellosuperbalance,Nello Super Balance,True,1,no,
Nello Super Hormone drink,Nello Super Hormone,True,1,no,
Nello SuperGlow,Nello SuperGlow,True,1,no,
Nello Superbalance,Nello Superbalance,True,1,no,
Nello Superbalanced,Nello Superbalanced,True,1,no,
Nello superfocus,Nello Superfocus,False,1,no,
NelloSuperebalance,NelloSuperebalance,True,1,no,
Neolife Herbal Tea,Neolife,True,1,no,
Vichy Neovadiol,Neovadiol,True,1,no,
nervous system work,Nervous System,False,1,no,
Nest – A Complete Mother & Child Clinic,Nest,True,1,no,
Neuaura,Neuaura,True,1,no,
Neuora,Neuora,True,1,no,
Neurazenx,Neurazenx,True,1,no,
neurokinin 3,Neurokinin 3,False,1,no,
Neuromuscular therapy,Neuromuscular Therapy,False,1,no,
New Always Discreet MaxiProtect,New Always Discreet MaxiProtect,False,1,no,
Newson Health,Newson Health,False,1,no,
nexellis,Nexellis,True,1,no,
NIACINAMIDE,Niacinamide,True,1,no,
nicotinamide mononucleotide (NMN),Nicotinamide Mononucleotide,True,1,no,
Nigella sativa,Nigella Sativa,True,1,no,
Nirvana Acupuncture Integrative Medicine Wellness Program,Nirvana,False,1,no,
non specific,Non Specific,False,1,no,
non-hormone therapy,Non-Hormone Therapy,False,1,no,
40+ Menopause Symptoms,None,False,1,no,
Menopause conditioner,None,False,1,no,
Menopause hair mask,None,False,1,no,
"half now, then wait half an hour or so, then eat the rest",None,False,1,no,
"Half fill a hot water bottle with crushed ice, top it up with ice‑cold water, pop it in the freezer for ten minutes before you go to bed, pop it at the foot of your bed",None,False,1,no,
콩,None,False,1,no,
nonsteroidal anti-inflammatory drugs,Nonsteroidal Anti-Inflammatory Drugs,False,1,no,
Nordic Naturals,Nordic Naturals,True,1,no,
Provera 2.5 mg Norethisterone 5 mg,Norethisterone,True,1,no,
Norethisterone in combined patches,Norethisterone,True,1,no,
tablet treatment,Not a supplement,False,1,no,
cooling moisturizer,Not a supplement,False,1,no,
free symptom tracker,Not a supplement,False,1,no,
menopause cooking programme,Not a supplement,False,1,no,
lollies,Not a supplement,False,1,no,
joint aches and pain,Not a supplement,False,1,no,
menopause belly fat reducers,Not a supplement,False,1,no,
lifestyle changes,Not a supplement,False,1,no,
RR,Not a supplement,False,1,no,
repairing the microbiome,Not a supplement,False,1,no,
detoxing,Not a supplement,False,1,no,
mindfulness tools,Not a supplement,False,1,no,
bioidentical,Not a supplement,False,1,no,
Stripes,Not a supplement,False,1,no,
menopause relief smoothie,Not a supplement,False,1,no,
this remedy,Not a supplement,False,1,no,
100% effective,Not a supplement,False,1,no,
menopause empowerment guide,Not a supplement,False,1,no,
caramel chews,Not a supplement,False,1,no,
phytoestrogen rich foods,Not a supplement,False,1,no,
certain foods,Not a supplement,False,1,no,
anti-inflammatory approach to nutrition,Not a supplement,False,1,no,
high fiber foods,Not a supplement,False,1,no,
dairy free,Not a supplement,False,1,no,
fruit free,Not a supplement,False,1,no,
smoke,Not a supplement,False,1,no,
overheated electricity or electronics,Not a supplement,False,1,no,
mood,Not a supplement,False,1,no,
intimacy,Not a supplement,False,1,no,
weight,Not a supplement,False,1,no,
musculoskeletal symptoms,Not a supplement,False,1,no,
food allergies,Not a supplement,False,1,no,
dairy products,Not a supplement,False,1,no,
air,Not a supplement,False,1,no,
tostitos,Not a supplement,False,1,no,
plant-based cleansers,Not a supplement,False,1,no,
symptom tracker,Not a supplement,False,1,no,
smoothie,Not a supplement,False,1,no,
lab work,Not a supplement,False,1,no,
filling gaps in my nutrition,Not a supplement,False,1,no,
supporting my bones and muscles and gut,Not a supplement,False,1,no,
30 different plants,Not a supplement,False,1,no,
increasing exercise,Not a supplement,False,1,no,
looking at nutrition and diet,Not a supplement,False,1,no,
menopause meal plan,Not a supplement,False,1,no,
plant-based ingredients,Not a supplement,False,1,no,
free resource,Not a supplement,False,1,no,
Supplements for total wellness,Not a supplement,False,1,no,
vaginal HRT creams,Not a supplement,False,1,no,
weight resistance exercises,Not a supplement,False,1,no,
Sheetali pranayama or Straw Breath,Not a supplement,False,1,no,
dietitian,Not a supplement,False,1,no,
breakfast biscuits,Not a supplement,False,1,no,
toast,Not a supplement,False,1,no,
12-Week Menopause Program,Not a supplement,False,1,no,
lube,Not a supplement,False,1,no,
workouts,Not a supplement,False,1,no,
crushing something else,Not a supplement,False,1,no,
FDA-approved hormonal & non-hormonal prescriptions,Not a supplement,False,1,no,
link in our bio,Not a supplement,False,1,no,
this here,Not a supplement,False,1,no,
small weights or water bottles,Not a supplement,False,1,no,
7-day menopause weight loss diet plan,Not a supplement,False,1,no,
dairy,Not a supplement,False,1,no,
eating less,Not a supplement,False,1,no,
perimenopause survival guide,Not a supplement,False,1,no,
hormonal modulation,Not a supplement,False,1,no,
snackatizer,Not a supplement,False,1,no,
coconut underarm deodorant wipes,Not a supplement,False,1,no,
tweezers,Not a supplement,False,1,no,
top rated supplement,Not a supplement,False,1,no,
fitonutrientes,Not a supplement,False,1,no,
til chutney,Not a supplement,False,1,no,
"nutrients that support mood, hormone regulation, and skin health",Not a supplement,False,1,no,
"supplements that calm the nervous system, aid hormone detox, and support restful sleep",Not a supplement,False,1,no,
Yes vaginal lubricant,Not a supplement,False,1,no,
dietary supplements,Not a supplement,False,1,no,
dinner,Not a supplement,False,1,no,
menopause video guide,Not a supplement,False,1,no,
vaginal moisturizers,Not a supplement,False,1,no,
bridge pose,Not a supplement,False,1,no,
butterfly,Not a supplement,False,1,no,
reclined hero,Not a supplement,False,1,no,
bolster,Not a supplement,False,1,no,
meditation and mindfulness,Not a supplement,False,1,no,
squat and twist move,Not a supplement,False,1,no,
pece,Not a supplement,False,1,no,
support,Not a supplement,False,1,no,
Hot flashes and night sweats,Not a supplement,False,1,no,
weight gain and redistribution,Not a supplement,False,1,no,
gastrointestinal problems,Not a supplement,False,1,no,
digestion issues,Not a supplement,False,1,no,
glenohumeral joint injection,Not a supplement,False,1,no,
"steady, balanced meals",Not a supplement,False,1,no,
Supplements for active hyperthyroidism,Not a supplement,False,1,no,
agama,Not a supplement,False,1,no,
moisturizers,Not a supplement,False,1,no,
humidifiers,Not a supplement,False,1,no,
eye masks,Not a supplement,False,1,no,
the capsules,Not a supplement,False,1,no,
high-intensity workouts,Not a supplement,False,1,no,
menopause relief patches,Not a supplement,False,1,no,
skin barrier supplements,Not a supplement,False,1,no,
bloating supplements,Not a supplement,False,1,no,
saunas,Not a supplement,False,1,no,
vibration plates,Not a supplement,False,1,no,
Saunas,Not a supplement,False,1,no,
Vibration plates,Not a supplement,False,1,no,
Extrease,Not a supplement,False,1,no,
Miraculous Natural Remedies – Part 3 (Extended Edition),Not a supplement,False,1,no,
well-balanced diet,Not a supplement,False,1,no,
meditate,Not a supplement,False,1,no,
Follow Tamsen on Instagram,Not a supplement,False,1,no,
Follow Tamsen on TikTok,Not a supplement,False,1,no,
three-in-one personal cooling system,Not a supplement,False,1,no,
small dark blue bottle,Not a supplement,False,1,no,
Pass Through,Not a supplement,False,1,no,
herbal remedies,Not a supplement,False,1,no,
innerwellbeingclinic,Not a supplement,False,1,no,
random powder,Not a supplement,False,1,no,
supplements for women for anxiety,Not a supplement,False,1,no,
something for mood,Not a supplement,False,1,no,
bottle of magic,Not a supplement,False,1,no,
menopause brain reset guide,Not a supplement,False,1,no,
mindful eating,Not a supplement,False,1,no,
getting your steps in,Not a supplement,False,1,no,
managing stress and rest,Not a supplement,False,1,no,
walks,Not a supplement,False,1,no,
low-tox personal care & cleaners stored in glass,Not a supplement,False,1,no,
morning natural sunlight on skin and eyes,Not a supplement,False,1,no,
Tapping,Not a supplement,False,1,no,
menopause testing kit,Not a supplement,False,1,no,
1 tablet,Not a supplement,False,1,no,
3-Day Perimenopause Hormone Reset Plan,Not a supplement,False,1,no,
sprays,Not a supplement,False,1,no,
bottle,Not a supplement,False,1,no,
fruit smoothies,Not a supplement,False,1,no,
app,Not a supplement,False,1,no,
Everyday,Not a supplement,False,1,no,
pasta,Not a supplement,False,1,no,
трансдермального геля,Not a supplement,False,1,no,
adequate sleep,Not a supplement,False,1,no,
inserts,Not a supplement,False,1,no,
roasted cauliflower,Not a supplement,False,1,no,
others,Not a supplement,False,1,no,
mood swings,Not a supplement,False,1,no,
perimenopause-friendly day’s diet plan,Not a supplement,False,1,no,
bioidenticals,Not a supplement,False,1,no,
blanket,Not a supplement,False,1,no,
laser hair removal,Not a supplement,False,1,no,
sparkling water and berries,Not a supplement,False,1,no,
the gel,Not a supplement,False,1,no,
optimize,Not a supplement,False,1,no,
Woomeno,Not a supplement,False,1,no,
strength and movement,Not a supplement,False,1,no,
perimenal health pills,Not a supplement,False,1,no,
Tamsen’s newsletter filled with free tools,Not a supplement,False,1,no,
Reverie,Not a supplement,False,1,no,
dog cooling mat,Not a supplement,False,1,no,
science,Not a supplement,False,1,no,
5 alimentos,Not a supplement,False,1,no,
suplementos,Not a supplement,False,1,no,
powder,Not a supplement,False,1,no,
vibration plate,Not a supplement,False,1,no,
little green bottle,Not a supplement,False,1,no,
clinically-approved medications and supplements,Not a supplement,False,1,no,
hormone-balancing diets,Not a supplement,False,1,no,
fatloss guide,Not a supplement,False,1,no,
natural supplements,Not a supplement,False,1,no,
Fraîche Start,Not a supplement,False,1,no,
Sarna steroid free sensitive anti-itch lotion,Not a supplement,False,1,no,
microdosing,Not a supplement,False,1,no,
hair care brand,Not a supplement,False,1,no,
targeted supplementation,Not a supplement,False,1,no,
hand held rechargeable fan,Not a supplement,False,1,no,
8-Week Winter Reset Challenge,Not a supplement,False,1,no,
fermented food,Not a supplement,False,1,no,
ultra-processed food,Not a supplement,False,1,no,
OMG,Not a supplement,False,1,no,
botanical support,Not a supplement,False,1,no,
Kundalini inspired practice,Not a supplement,False,1,no,
combo,Not a supplement,False,1,no,
hormone consults,Not a supplement,False,1,no,
diet,Not a supplement,False,1,no,
decoding the 80 symptoms and side effects of menopause,Not a supplement,False,1,no,
this new supplement,Not a supplement,False,1,no,
high-quality nutrition,Not a supplement,False,1,no,
high-quality vaginal moisturizers,Not a supplement,False,1,no,
herbal treatments,Not a supplement,False,1,no,
Cherries,Not a supplement,False,1,no,
perimenopause health supplement,Not a supplement,False,1,no,
biscuit with around 150 kcal and less sugar than other types,Not a supplement,False,1,no,
"classic biscuits, the lightest of all, only 22 kcal",Not a supplement,False,1,no,
sweet craving,Not a supplement,False,1,no,
burning mouth syndrome,Not a supplement,False,1,no,
losing her teeth,Not a supplement,False,1,no,
latte,Not a supplement,False,1,no,
allenamento completo,Not a supplement,False,1,no,
late-night snacking,Not a supplement,False,1,no,
gel cooling mats,Not a supplement,False,1,no,
treino,Not a supplement,False,1,no,
amabrantas,Not a supplement,False,1,no,
Thriving Through Menopause course,Not a supplement,False,1,no,
flexibility and balance exercises,Not a supplement,False,1,no,
mind-body techniques,Not a supplement,False,1,no,
cibi molto piccanti,Not a supplement,False,1,no,
these things,Not a supplement,False,1,no,
melts,Not a supplement,False,1,no,
Journey Toward Joy,Not a supplement,False,1,no,
free quiz,Not a supplement,False,1,no,
intimate moisturizer,Not a supplement,False,1,no,
this drink,Not a supplement,False,1,no,
targeted supplements,Not a supplement,False,1,no,
two capsules,Not a supplement,False,1,no,
empty bladder,Not a supplement,False,1,no,
cherries,Not a supplement,False,1,no,
bamboo cooling mattress topper,Not a supplement,False,1,no,
pause and effect skincare,Not a supplement,False,1,no,
regular yoga sessions,Not a supplement,False,1,no,
crystal clear ways,Not a supplement,False,1,no,
the kind of no sleep,Not a supplement,False,1,no,
sandrine sachets 1 milligram,Not a supplement,False,1,no,
cooling towels,Not a supplement,False,1,no,
this now,Not a supplement,False,1,no,
lean foods,Not a supplement,False,1,no,
volumising products,Not a supplement,False,1,no,
immunosuppression,Not a supplement,False,1,no,
Mello’s quilted cooling pillow,Not a supplement,False,1,no,
Crystal Tiger Eye Bead Bracelet,Not a supplement,False,1,no,
turbofan,Not a supplement,False,1,no,
Freezable neck tubes,Not a supplement,False,1,no,
drink plenty of water,Not a supplement,False,1,no,
cooling neck rings,Not a supplement,False,1,no,
walk 10 minutes after meals,Not a supplement,False,1,no,
A full body stretching routine,Not a supplement,False,1,no,
cold glass of water,Not a supplement,False,1,no,
cat naps,Not a supplement,False,1,no,
one foot out of the covers,Not a supplement,False,1,no,
these five exercises,Not a supplement,False,1,no,
Know,Not a supplement,False,1,no,
phytoestrogen diet food list printable,Not a supplement,False,1,no,
muscle lining from the stomach of a farm animal,Not a supplement,False,1,no,
Interconnected Plates Cookbook,Not a supplement,False,1,no,
natural therapies,Not a supplement,False,1,no,
ocoopa,Not a supplement,False,1,no,
treino e dieta,Not a supplement,False,1,no,
these symptom-fighting powerhouses,Not a supplement,False,1,no,
Garshana gloves,Not a supplement,False,1,no,
Vitaminas para la hidratación vaginal,Not a supplement,False,1,no,
MRT,Not answerable,False,1,no,
menopause-care-pack,Not answerable,False,1,no,
ri,Not answerable,False,1,no,
these capsules,Not answerable,False,1,no,
whatever’s in the Instagram ad,Not answerable,False,1,no,
this daily supplement,Not answerable,False,1,no,
menopause wellness supplement,Not answerable,False,1,no,
Dr. Kristiane Northrup's product,Not answerable,False,1,no,
menopause support formulas,Not answerable,False,1,no,
these pills,Not answerable,False,1,no,
This pill,Not answerable,False,1,no,
menopause kit,Not answerable,False,1,no,
the special,Not answerable,False,1,no,
this expensive supplement,Not answerable,False,1,no,
it,Not answerable,False,1,no,
menopause support supplement,Not answerable,False,1,no,
Plaud NotePin S,NotePin S,False,1,no,
NouriTress Vitamins PLUS,NouriTress,True,1,no,
NouriTress Hair Vitamins Plus,NouriTress Hair Vitamins,True,1,no,
Nourishing Apothecary,Nourishing Apothecary,False,1,no,
Novant Health Virtual Menopause Clinic,Novant Health,False,1,no,
Nu Allumé,Nu Allumé,False,1,no,
NuHer,NuHer,True,1,no,
Nurideen Plus,Nurideen Plus,True,1,no,
HealthAid Nurideen Plus,Nurideen Plus,True,1,no,
nutmeg,Nutmeg,True,1,no,
NUTRAFOL,NutraFol,True,1,no,
Nutrafol Hair Growth Nutraceuticals,Nutrafol,True,1,no,
Nutrafol Women’s Balance,Nutrafol Women’s Balance,True,1,no,
Nutrapact,Nutrapact,True,1,no,
Nutri-Gig Fitmins,Nutri-Gig Fitmins,True,1,no,
Nutrilite Women’s 40+ Support,Nutrilite Women's 40+ Support,True,1,no,
nutrition and sleep,Nutrition,False,1,no,
Nutrofall Hair,Nutrofall Hair,True,1,no,
Nutrofol Women's Balance,Nutrofol,True,1,no,
Nuts and Berries,Nuts and Berries,False,1,no,
nuts and berries,Nuts and Berries,False,1,no,
Nuts and Seeds,Nuts and Seeds,False,1,no,
Nuts and seeds,Nuts and Seeds,False,1,no,
NuvaRing,NuvaRing,False,1,no,
O Positiv,O Positiv,True,1,no,
O Positiv Health,O Positiv Health,True,1,no,
O Positives moisture support,O Positives,True,1,no,
O'Keeffe's Healthy Feet,O'Keeffe's Healthy Feet,False,1,no,
OPC,OPC,True,1,no,
OPCs,OPCs,True,1,no,
ORGANIXX,ORGANIXX,True,1,no,
OSNAGLE15,OSNAGLE,False,1,no,
OSNAGLE,OSNAGLE,False,1,no,
OUAI,OUAI,False,1,no,
oat flakes and cocoa,Oat Flakes,False,1,no,
Oat milk,Oat Milk,False,1,no,
Oat Straw Extract,Oat Straw,True,1,no,
porridge or oatmeal,Oatmeal,False,1,no,
"Oats, Barley, Wheat, Brown Rice, Bulgur, Popcorn, Millet",Oats,False,1,no,
instant oats,Oats,False,1,no,
octopus,Octopus,False,1,no,
Oestra,Oestra,True,1,no,
Oestrogel,Oestrogel,True,1,no,
topical oestrogen,Oestrogen,False,1,no,
topical oestrogens,Oestrogen,False,1,no,
Olay Regenerist Micro-Sculpting Cream,Olay Regenerist,False,1,no,
Olay's Micro Sculpting Cream,Olay's Micro Sculpting Cream,False,1,no,
Old Positive Health,Old Positive Health,False,1,no,
Ole Extreme Wellness tortilla,Ole Extreme Wellness,False,1,no,
Oligo Professional,Oligo Professional,True,1,no,
Oligo Professionnel,Oligo Professionnel,True,1,no,
olive,Olive,False,1,no,
Olive oil,Olive Oil,False,1,no,
olio extravergine di oliva,Olive Oil,False,1,no,
extra virgin olive oil,Olive Oil,False,1,no,
Organic Extra Virgin Olive Oil,Olive Oil,False,1,no,
Olly Sleep,Olly Sleep,True,1,no,
oily fish,Omega-3,True,1,no,
Omega‑3 vitamin D and vitamin K combo,Omega-3,True,1,no,
Nordic Naturals Pro-Omega,Omega-3,True,1,no,
omega-3 from algae,Omega-3,True,1,no,
Omegas,Omega-3,True,1,no,
omega-3 vitamin K combo,Omega-3,True,1,no,
omega-3 (EPA/DHA),Omega-3,True,1,no,
Morphus Omega-3T,Omega-3,True,1,no,
ácidos grasos omega-3,Omega-3,True,1,no,
polyunsaturated fatty acids,Omega-3,True,1,no,
Omega 3 (EPA + DHA),Omega-3,True,1,no,
Omega-3 (Fish Oil),Omega-3,True,1,no,
Omega-3 (EPA & DHA),Omega-3,True,1,no,
Omega‑3s,Omega-3,True,1,no,
vegan omega,Omega-3,True,1,no,
omega-3 oil,Omega-3,True,1,no,
Omega-3 fish oil,Omega-3,True,1,no,
omega oils,Omega-3,True,1,no,
krill oil omega supplements,Omega-3,True,1,no,
Vitamin fish oil,Omega-3,True,1,no,
Omega-3 (EPA/DHA),Omega-3,True,1,no,
OMEGA 3,Omega-3,True,1,no,
Omega-3 (EPA + DHA),Omega-3,True,1,no,
wild-caught fish with EPA DHA,Omega-3,True,1,no,
omega 3’s,Omega-3,True,1,no,
omega-3 and vitamin D combination,Omega-3,True,1,no,
Omega 3’s,Omega-3,True,1,no,
Oomega-3 rasvhapetel,Omega-3,True,1,no,
omega-three,Omega-3,True,1,no,
Nordic Naturals Omega-3,Omega-3,True,1,no,
omega 3s,Omega-3,True,1,no,
seed oils,Omega-3,True,1,no,
Zinzino omega 3,Omega-3,True,1,no,
Omega 3000,Omega-3,True,1,no,
Fish oil,Omega-3,True,1,no,
Omega 3 Fatty Acids,Omega-3,True,1,no,
essential fatty acid supplement,Omega-3,True,1,no,
Omega-3 foods,Omega-3,True,1,no,
Onega-3 fish oil,Omega-3,True,1,no,
Vegan Omega-3,Omega-3,True,1,no,
dry eyes,Omega-3,False,1,no,
Omega-3 fatty acids (EPA + DHA),Omega-3,True,1,no,
omega-3 rich foods,Omega-3,True,1,no,
omega 3- fatty acid,Omega-3,True,1,no,
Ômega-3,Omega-3,True,1,no,
oméga-3,Omega-3,True,1,no,
good fats,Omega-3,True,1,no,
Omega,Omega-3,True,1,no,
Omega Three,Omega-3,True,1,no,
gesunde Fette,Omega-3,True,1,no,
omega-3 vitamins,Omega-3,True,1,no,
omega-6,Omega-6,True,1,no,
Omega‑6 gummies,Omega-6,True,1,no,
Omega-7,Omega-7,True,1,no,
omega 7,Omega-7,True,1,no,
omega-7,Omega-7,True,1,no,
Omega 7,Omega-7,True,1,no,
one-a-day fruity pebbles plant,One A Day Fruity Pebbles Plant,True,1,no,
One A Day® Menopause Multi,One A Day Menopause Multi,True,1,no,
One A Day® Menopause Multivitamins,One A Day Menopause Multivitamin,True,1,no,
Every Woman’s One Daily Multivitamin 40+,One Daily Multivitamin,True,1,no,
onion,Onion,False,1,no,
onion and garlic free,Onion and Garlic,False,1,no,
Onoma,Onoma,False,1,no,
Onveozza,Onveozza,True,1,no,
Opalicious Asics,Opalicious Asics,False,1,no,
Nature’s Bounty Optimal Solutions Advanced Hai,Optimal Solutions Advanced Hai,True,1,no,
Oralieve On-The-Move-Pack,Oralieve,True,1,no,
orange,Orange,False,1,no,
Orange,Orange,False,1,no,
Red oranges,Orange,False,1,no,
orange cart,Orange Cart,False,1,no,
orange peel,Orange Peel,False,1,no,
origano,Oregano,True,1,no,
oil of oregano,Oregano Oil,True,1,no,
Organifi,Organifi,True,1,no,
Orthoplex,Orthoplex,True,1,no,
Osiadenil,Osiadenil,True,1,no,
osmanthus,Osmanthus,False,1,no,
OsteoBoost,OsteoBoost,True,1,no,
other medications,Other Medications,False,1,no,
Over 30 Hormone Support,Over 30 Hormone Support,True,1,no,
Gleefull's Over 30 Hormone Support,Over 30 Hormone Support,True,1,no,
Overdare,Overdare,True,1,no,
overnight oats with berries,Overnight Oats,False,1,no,
Ovitage,Ovitage,True,1,no,
oxybutynin,Oxybutynin,True,1,no,
Oxybutynin,Oxybutynin,True,1,no,
oxytocin,Oxytocin,True,1,no,
oysters,Oysters,False,1,no,
P46™ Serum,P46 Serum,True,1,no,
P5P 50 (b),P5P,True,1,no,
PDRN,PDRN,True,1,no,
PEMF therapy,PEMF,False,1,no,
PM,PM,False,1,no,
PMS,PMS,True,1,no,
PRP O-Shot,PRP O-Shot,True,1,no,
pain,Pain,False,1,no,
pain medication,Pain Medication,False,1,no,
Paleo Diet,Paleo Diet,False,1,no,
pan o gallette,Pan O Gallette,False,1,no,
pane,Pane,False,1,no,
pane migliore per dimagrire,Pane Migliore Per Dimagrire,False,1,no,
Pantene abundant and strong scalp serum,Pantene,False,1,no,
Pantene's Abundant and Strong Scalp Serum,Pantene,False,1,no,
pantothenic oikasa,Pantothenic Acid,True,1,no,
paprika,Paprika,False,1,no,
Parallels Hormone and Metabolic Support Duo,Parallels Hormone and Metabolic Support,True,1,no,
Paramena Health,Paramena Health,False,1,no,
Paramenal Health,Paramenal Health,True,1,no,
Snap Supplements Paramino Health,Paramino Health,True,1,no,
"Parsley, Sage, Rosemary, and Thyme (and Oregano, Basil, and Mint)",Parsley,True,1,no,
parsley,Parsley,False,1,no,
Passiflora,Passiflora,True,1,no,
PatchAid,PatchAid,True,1,no,
The ‘Pause Life Nutritional Supplements,Pause Life,True,1,no,
’Pause Life supplements,Pause Life,True,1,no,
Pause Nutrition chocolate flavored protein plus creatine,Pause Nutrition,True,1,no,
Paxil,Paxil,False,1,no,
JUICY LIKE A PEACH™,Peach,False,1,no,
peach,Peach,False,1,no,
Peach Vitamins,Peach Vitamins,True,1,no,
Peaches,Peaches,False,1,no,
peak energy,Peak Energy,False,1,no,
Peak Wellness and Functional Medicine,Peak Wellness,False,1,no,
peanut,Peanut,False,1,no,
citrus pectin,Pectin,True,1,no,
pelamina,Pelamina,True,1,no,
Pelvic floor therapy,Pelvic Floor Therapy,False,1,no,
Pendulum Gut Fuel,Pendulum Gut Fuel,True,1,no,
pennywise pause,Pennywise Pause,False,1,no,
"H2 antihistamine called Pepcid, also known as famotidine",Pepcid,False,1,no,
pepper,Pepper,False,1,no,
Hortelã,Peppermint,True,1,no,
Peppy,Peppy,False,1,no,
Peptide creams,Peptide,True,1,no,
peptide serum,Peptide,False,1,no,
Peptide Prescription Programs,Peptide Prescription Programs,False,1,no,
Peptides,Peptides,True,1,no,
péptidos,Peptides,True,1,no,
Peptides and targeted supplements,Peptides,True,1,no,
perfect hack,Perfect Hack,False,1,no,
Peri Essential 5,Peri Essential 5,True,1,no,
Peri Multi,Peri Multi,True,1,no,
Peri and Menopause supplements,Peri and Menopause,True,1,no,
Peri-Be-Gone pill,Peri-Be-Gone,True,1,no,
PeriCalm,PeriCalm,True,1,no,
pericalm-perimenopause-supplement,Pericalm,True,1,no,
PerimenalHealth,PerimenalHealth,False,1,no,
Perimeno Dietary Supplement,Perimeno,True,1,no,
Snap Supplements bundle. Perimeno + Thyroid Health,Perimeno,True,1,no,
Perimeno + Gut Health Bundle,Perimeno,True,1,no,
Ladywell Perimeno,Perimeno,True,1,no,
SNAP supplements Perimeno Health,Perimeno Health,True,1,no,
Snap PerimenoHealth,PerimenoHealth,True,1,no,
Perimenofriend,Perimenofriend,False,1,no,
Perimenopause Gummies,Perimenopause,True,1,no,
Balanced Perimeno,Perimenopause,False,1,no,
Perimenopause,Perimenopause,False,1,no,
Perimenopause & Menopause Quiz,Perimenopause & Menopause Quiz,False,1,no,
perimenopause drink,Perimenopause Drink,False,1,no,
Health and Her perimenopause food supplement,Perimenopause Food Supplement,True,1,no,
Snap Perimenopause Health,Perimenopause Health,True,1,no,
Perimenopause Mind,Perimenopause Mind,False,1,no,
Perimenopause Mind Plus,Perimenopause Mind Plus,True,1,no,
Health and Her Perimenopause Multi Nutrient Support Supplement,Perimenopause Multi Nutrient Support,True,1,no,
Perimenopause Multi Nutrient Support,Perimenopause Multi Nutrient Support,True,1,no,
Perimenopause Multi-Nutrient,Perimenopause Multi-Nutrient,True,1,no,
Perimenopause Multinu,Perimenopause Multinu,True,1,no,
Perimenopause Reset,Perimenopause Reset,True,1,no,
Health and Her Perimenopause Supplement,Perimenopause Supplement,True,1,no,
Perimenopause Supplement,Perimenopause Supplement,True,1,no,
VH Nutrition Perimenopause Supplement for Women,Perimenopause Supplement,True,1,no,
Perimenopause Supplements,Perimenopause Supplements,True,1,no,
Perimenopause support,Perimenopause Support,True,1,no,
Perimenopause Support Guide,Perimenopause Support,False,1,no,
Perimenopause test,Perimenopause Test,False,1,no,
perimenopause and menopause support,Perimenopause and Menopause Support,False,1,no,
PersimmonExtract,Persimmon Extract,True,1,no,
Mia Vita® Personal Lubricant and Vaginal Moisturizer,Personal Lubricant,False,1,no,
personal prescription,Personal Prescription,False,1,no,
Pharma Plus Menoplus,Pharma Plus Menoplus,True,1,no,
phenelzine,Phenelzine,False,1,no,
Philadelphia light,Philadelphia Light,False,1,no,
Phosphatidylserine,Phosphatidylserine,True,1,no,
Phosphatidylserine 50%,Phosphatidylserine,True,1,no,
physiologic estradiol and progesterone,Physiologic Estradiol,False,1,no,
phytoestrogen creams,Phytoestrogen,True,1,no,
phytoestrogen supplement,Phytoestrogen,True,1,no,
Phytoestrogen Firming Eye Treatment Serum,Phytoestrogen,True,1,no,
Phytoestrogen Replenishing Cream,Phytoestrogen,True,1,no,
phytoestrogens or progesterones,Phytoestrogens,True,1,no,
phytotherapic,Phytotherapic,False,1,no,
phytotherapy,Phytotherapy,False,1,no,
pine bark,Pine Bark,True,1,no,
pine pollen,Pine Pollen,True,1,no,
Pineapple,Pineapple,False,1,no,
Pink Stork Hormone Balance Multivitamin for Women,Pink Stork Hormone Balance Multivitamin,True,1,no,
pistachio,Pistachio,False,1,no,
plaice,Plaice,False,1,no,
plant protein,Plant Protein,True,1,no,
platelets,Platelets,False,1,no,
Pocket Farmacy,Pocket Farmacy,False,1,no,
pollen phytoestrogen extract,Pollen Phytoestrogen Extract,True,1,no,
polpo,Polpo,False,1,no,
rhizoma polygonati,Polygonatum,True,1,no,
Atomy Pomegranate Beauty,Pomegranate,True,1,no,
pomegranate seed extract,Pomegranate,True,1,no,
석류,Pomegranate,True,1,no,
pork,Pork,False,1,no,
potassium supplement,Potassium,True,1,no,
Prana,Prana,True,1,no,
prayer,Prayer,False,1,no,
pre-pro and postbiotics,Prebiotic,True,1,no,
Prebiotic,Prebiotic,True,1,no,
prebióticos,Prebiotic,True,1,no,
three in one pre post and probiotic your apple cider vinegar,Prebiotic,True,1,no,
Prediabetes & Weight Loss Blueprint,Prediabetes & Weight Loss Blueprint,False,1,no,
prenatal vitamin,Prenatal Vitamin,True,1,no,
Pretty Face Cream,Pretty Face Cream,False,1,no,
PrimeMD,PrimeMD,True,1,no,
Promeno,Primrose,True,1,no,
Primrose oil,Primrose Oil,True,1,no,
prímula,Primula,False,1,no,
ProVitalize,ProVitalize,True,1,no,
Beauty Probiotic+,Probiotic,True,1,no,
Probiotic drinks,Probiotic,True,1,no,
probiotic cottage cheese,Probiotic,True,1,no,
Pre+ Probiotik,Probiotic,True,1,no,
"Probiotic complex with pre, pro, and postbiotics",Probiotic,True,1,no,
probiotic supplements,Probiotic,True,1,no,
Probiotik,Probiotic,True,1,no,
dry probiotic,Probiotic,True,1,no,
Probiotic + Prebiotic,Probiotic,True,1,no,
women's probiotic,Probiotic,True,1,no,
women's probiotic gummy,Probiotic,True,1,no,
menopause probiotic,Probiotic,True,1,no,
Probióticos,Probiotic,True,1,no,
Probiotic suppositories,Probiotic,True,1,no,
probiotic fiber and mineral dense green water,Probiotic Fiber,True,1,no,
vegan probiotics,Probiotics,True,1,no,
gut bacteria probiotics,Probiotics,True,1,no,
vaginal probiotics,Probiotics,True,1,no,
Menopause-specific probiotics,Probiotics,True,1,no,
processed meats,Processed Meats,False,1,no,
processed sugar,Processed Sugar,False,1,no,
Pro-Adapt Progesterone Drops,Progesterone,True,1,no,
progesterone hormone replacement therapy,Progesterone,True,1,no,
Progesterone micronized pills,Progesterone,True,1,no,
Oral micronized progesterone,Progesterone,True,1,no,
micronised progesterone,Progesterone,True,1,no,
progesterone-containing IUD,Progesterone,False,1,no,
natural progesterone,Progesterone,True,1,no,
progesterone capsules,Progesterone,True,1,no,
progesterone therapy,Progesterone,True,1,no,
Progesterone Therapy,Progesterone,True,1,no,
oral progesterone capsules,Progesterone,True,1,no,
200mg/day oral progesterone,Progesterone,True,1,no,
bio-identical progesterone,Progesterone,True,1,no,
nontoxic bioidentical progesterone cream,Progesterone,True,1,no,
daily progesterone,Progesterone,True,1,no,
progesterone HRT,Progesterone,True,1,no,
PROGESTERONE,Progesterone,True,1,no,
Promensil Extra Strength,Promensil,True,1,no,
Promensil Peri,Promensil Peri,True,1,no,
Promestrieno,Promestrieno,True,1,no,
Protein Nutrition,Protein,True,1,no,
high-protein diet,Protein,False,1,no,
Protein Powder,Protein,True,1,no,
protein bar,Protein,True,1,no,
30 grams of protein,Protein,True,1,no,
Plant-based Protein,Protein,True,1,no,
vegan protein bar,Protein,True,1,no,
protein supplements,Protein,True,1,no,
Protein supplements,Protein,True,1,no,
Protein powder + collagen,Protein,True,1,no,
collagen and protein powder,Protein,True,1,no,
higher protein intake,Protein,False,1,no,
Protein + Creatine,Protein,True,1,no,
PROTEÍNA,Protein,True,1,no,
protein coffee,Protein,True,1,no,
Morning Protein,Protein,True,1,no,
Branded protein powders,Protein,True,1,no,
Body tone protein peptides,Protein,True,1,no,
proteins,Protein,True,1,no,
proteine,Protein,True,1,no,
bloom clear protein mix,Protein,True,1,no,
enough protein,Protein,False,1,no,
Strength + Protein Guide,Protein,True,1,no,
proteínas,Protein,True,1,no,
Flav City protein powder,Protein,True,1,no,
Protein Works,Protein Works,True,1,no,
Protocol Menarest capsules,Protocol Menarest,True,1,no,
Provera,Provera,True,1,no,
Provitalize Botanical Blend Capsules,Provitalize,True,1,no,
Prozac,Prozac,False,1,no,
prunes,Prunes,True,1,no,
microdosing psilocybin,Psilocybin,False,1,no,
Psyllium husk,Psyllium,True,1,no,
psyllium,Psyllium,True,1,no,
psyllium powder,Psyllium,True,1,no,
psyllium husk powder,Psyllium Husk,True,1,no,
pu'er,Pu'er,False,1,no,
pueraria mirifica,Pueraria Mirifica,True,1,no,
Pueraria Mirifica Plus,Pueraria Mirifica,True,1,no,
Pumpkin Seed,Pumpkin Seed,True,1,no,
Pumpkin Seed Oil,Pumpkin Seed Oil,True,1,no,
Pumpkin Seed Oil with Saw Palmetto,Pumpkin Seed Oil,True,1,no,
Pumpkin Seeds,Pumpkin Seeds,True,1,no,
"pumpkin seeds, chia seeds, sunflower seeds, and watermelon seeds",Pumpkin Seeds,True,1,no,
Needed Pure O Multi,Pure O Multi,True,1,no,
pílula anticoncepcional,Píldora Anticoncepcional,False,1,no,
Qsymia,Qsymia,True,1,no,
Quacru,Quacru,False,1,no,
quail eggs,Quail Eggs,True,1,no,
Quercetin & Bromelain,Quercetin,True,1,no,
quercetin,Quercetin,True,1,no,
Qunol,Qunol,True,1,no,
RADIESSE,RADIESSE,True,1,no,
REWIRED,REWIRED,False,1,no,
rabbit tobacco,Rabbit Tobacco,False,1,no,
radicchio,Radicchio,False,1,no,
raggi,Ragi,True,1,no,
Ransom Bodies perimenopause program,Ransom Bodies,False,1,no,
raspberries,Raspberry,False,1,no,
red berry smoothie,Red Berry,False,1,no,
Red cabbage,Red Cabbage,False,1,no,
redclover,Red Clover,True,1,no,
MenoSlim tea,Red Clover,True,1,no,
semicifuga racemosa,Red Clover,True,1,no,
Red clover tea,Red Clover,True,1,no,
cream rose,Red Clover,True,1,no,
menopause tea,Red Clover,True,1,no,
red clover tea,Red Clover,True,1,no,
Meno Comfort Tea,Red Clover,True,1,no,
Red clover extract,Red Clover,True,1,no,
perimenopause support tea,Red Clover,True,1,no,
spinea leaf,Red Clover,True,1,no,
Clover sprouts,Red Clover,True,1,no,
best clover,Red Clover,True,1,no,
Menopause Tea,Red Clover,True,1,no,
red ginseng,Red Ginseng,True,1,no,
red light,Red Light,False,1,no,
red orange complex,Red Orange Complex,True,1,no,
R.O.C (red orange complex),Red Orange Complex,True,1,no,
Red Raspberry Leaf,Red Raspberry Leaf,True,1,no,
red wine,Red Wine,False,1,no,
refresh,Refresh,False,1,no,
REISHI,Reishi,True,1,no,
Reishi,Reishi,True,1,no,
rejuvenation gel,Rejuvenation,False,1,no,
Relax Tea,Relax Tea,True,1,no,
relizen,Relizen,True,1,no,
ren 6,Ren,True,1,no,
restore,Restore,False,1,no,
Restore,Restore,False,1,no,
Pharmizen Real Resveratrol Coreano,Resveratrol,True,1,no,
Retinal Night™,Retinal Night,True,1,no,
retinoid,Retinoid,True,1,no,
RETINOID,Retinoid,True,1,no,
prescription retinoid,Retinoid,False,1,no,
retinol,Retinol,True,1,no,
bio retinol,Retinol,True,1,no,
liquid retinol,Retinol,True,1,no,
Revare,Revare,True,1,no,
Revaree Plus,Revaree Plus,True,1,no,
ReviTaflus,ReviTaflus,True,1,no,
Revita Plus Beauty Pack,Revita Plus,True,1,no,
RevitaPlus beauty pack,RevitaPlus,True,1,no,
RevitaPlus Women's 30+ Daily Supplement Pack,RevitaPlus,True,1,no,
Revive Active,Revive Active,True,1,no,
revive active,Revive Active,True,1,no,
rhapontic rhubarb,Rhapontic Rhubarb,True,1,no,
rhodiola extract,Rhodiola,True,1,no,
RHODIOLA,Rhodiola,True,1,no,
Rodiola,Rhodiola,True,1,no,
rhodiola rosa,Rhodiola Rosea,True,1,no,
Salvora Rhodiola Rosea,Rhodiola Rosea,True,1,no,
rhubarb,Rhubarb,False,1,no,
rice cakes,Rice Cakes,False,1,no,
Ritalin,Ritalin,False,1,no,
Roman chamomile,Roman Chamomile,True,1,no,
RootMD's Hair Growth Solutions,RootMD's Hair Growth Solutions,True,1,no,
dried rose,Rose,False,1,no,
rosemary oil,Rosemary,True,1,no,
rosemary PDRN hair care bundle,Rosemary,True,1,no,
Rosita Cod Liver Oil,Rosita Cod Liver Oil,True,1,no,
Roundup,Roundup,False,1,no,
Routine,Routine,False,1,no,
Ruby powder,Ruby,False,1,no,
rumianek,Rumianek,False,1,no,
Ryu,Ryu,False,1,no,
S-Equol,S-Equol,True,1,no,
SAMe,SAMe,True,1,no,
SOD (superoxide dismutase),SOD,True,1,no,
SPF,SPF,False,1,no,
SSRI,SSRI,False,1,no,
STOP-BANG,STOP-BANG,False,1,no,
Sacha Inchi with vitamin E,Sacha Inchi,True,1,no,
Sacha Inchi,Sacha Inchi,True,1,no,
sacha inchi,Sacha Inchi,True,1,no,
Sacha Inchi Oil + Vitamin E,Sacha Inchi Oil,True,1,no,
Sacred 7,Sacred 7,True,1,no,
herbs of gold saffron mood balance,Saffron,True,1,no,
Safran,Saffron,True,1,no,
Safran (Crocus sativus),Saffron,True,1,no,
Menopause Sage,Sage,True,1,no,
Herbamama Sage,Sage,True,1,no,
Sage tea,Sage,True,1,no,
sage extract,Sage,True,1,no,
sage infusion,Sage,True,1,no,
Sálvia officinalis,Sage,True,1,no,
Salbei,Salbei,True,1,no,
Salmon,Salmon,False,1,no,
salmone,Salmon,False,1,no,
lesssalt,Salt,False,1,no,
salt tabs,Salt,False,1,no,
salt palmato,Salt Palmato,False,1,no,
salveid,Salveid,False,1,no,
Sanara Medicine,Sanara Medicine,True,1,no,
santal,Santal,False,1,no,
sardine,Sardine,False,1,no,
saudagatillo,Saudagatillo,False,1,no,
kefir sauerkraut,Sauerkraut,False,1,no,
sauerkraut,Sauerkraut,False,1,no,
Sauzgatillo,Sauzgatillo,False,1,no,
Saw palmetto,Saw Palmetto,True,1,no,
Sol palmetto,Saw Palmetto,True,1,no,
Schisandra,Schisandra,True,1,no,
Schizandra Dreams,Schizandra,True,1,no,
scrophularia root,Scrophularia,True,1,no,
Sea Buckthorn Oil,Sea Buckthorn,True,1,no,
sea buckthorn oil,Sea Buckthorn,True,1,no,
sea buckthorn,Sea Buckthorn,True,1,no,
Sea Buckthorn,Sea Buckthorn,True,1,no,
Sea Moss Gel,Sea Moss,True,1,no,
Sea swimming,Sea Swimming,False,1,no,
seamoss,Seamoss,True,1,no,
Seaweed,Seaweed,True,1,no,
Seed,Seed,False,1,no,
seed cycling,Seed Cycling,False,1,no,
seed powder,Seed Powder,True,1,no,
seitan,Seitan,False,1,no,
"cynk, selen, miedź",Selenium,True,1,no,
Selenium,Selenium,True,1,no,
selena,Selenium,True,1,no,
Semaglutide,Semaglutide,True,1,no,
semaglutide,Semaglutide,False,1,no,
bacana serina,Serine,True,1,no,
Sermorelin,Sermorelin,False,1,no,
Sero Vital,Sero Vital,True,1,no,
Serotonin,Serotonin,True,1,no,
Sesame Seeds,Sesame,False,1,no,
sesina,Sesina,True,1,no,
the shakes,Shakes,False,1,no,
Shark ChillPill,Shark ChillPill,True,1,no,
Shatavari powder,Shatavari,True,1,no,
SHATAVARI,Shatavari,True,1,no,
Shatavari & Gokshura,Shatavari,True,1,no,
Shatavari root extract,Shatavari,True,1,no,
shatavari root,Shatavari,True,1,no,
shatavara,Shatavari,True,1,no,
She Shine set,She Shine,False,1,no,
sheabutter,Shea Butter,False,1,no,
Shiko,Shiko,False,1,no,
shilajit,Shilajit,True,1,no,
Shilajit Resin,Shilajit,True,1,no,
shimyfuga racemosa,Shimyfuga Racemosa,True,1,no,
shisandra berry,Shisandra Berry,True,1,no,
Shokh,Shokh,False,1,no,
Shrimp,Shrimp,False,1,no,
siberian ginseng,Siberian Ginseng,True,1,no,
Siberian Ginseng,Siberian Ginseng,True,1,no,
Sibhakta,Sibhakta,True,1,no,
SightC,SightC,False,1,no,
Silício orgânico biodisponível,Silicon,True,1,no,
silicon,Silicon,True,1,no,
Simitifica,Simitifica,False,1,no,
Sinetrol,Sinetrol,True,1,no,
Sinu Suvi,Sinu Suvi,False,1,no,
Skin,Skin,False,1,no,
Skin supplements,Skin,False,1,no,
The Pause Nutrition skin + bone collagen,Skin + Bone Collagen,True,1,no,
Skincare range,Skincare,False,1,no,
Let Me Sleep,Sleep,False,1,no,
PAUSE sleep,Sleep,False,1,no,
Nature’s Bounty Sleep3,Sleep,True,1,no,
SLEEP 😴 supplement,Sleep,True,1,no,
SLEEP supplement,Sleep,True,1,no,
The Pause SLEEP,Sleep,True,1,no,
PAUSE Sleep,Sleep,True,1,no,
something for sleep,Sleep Aid,False,1,no,
poor sleep,Sleep Aid,False,1,no,
Shut Eye,Sleep Aid,True,1,no,
sleep aids,Sleep Aids,False,1,no,
sleep patches,Sleep Patches,True,1,no,
sleep powder,Sleep Powder,True,1,no,
Sleep supplement,Sleep supplement,False,1,no,
sleeping pills,Sleeping Pills,False,1,no,
Sleeveless shirts,Sleeveless shirts,False,1,no,
slim tea,Slim Tea,True,1,no,
Slind,Slind,False,1,no,
slippery elm,Slippery Elm,True,1,no,
Slippery Kitty,Slippery Kitty,False,1,no,
slow aging system,Slow Aging System,False,1,no,
Snap supplements,Snap,True,1,no,
Snap Supplements,Snap Supplements,True,1,no,
Sockwell,Sockwell,False,1,no,
soda,Soda,False,1,no,
sodium,Sodium,False,1,no,
Solomon's Seal,Solomon's Seal,True,1,no,
Soluble Fiber,Soluble Fiber,True,1,no,
Somatic TCM Practice,Somatic TCM,False,1,no,
Soothe,Soothe,False,1,no,
Sophrology,Sophrology,False,1,no,
Soursop Bitters,Soursop Bitters,True,1,no,
"Soy Milk, Soy Beans, Edamame, Miso, Tofu, Tempeh",Soy,False,1,no,
whole soybeans,Soy,False,1,no,
soy and soy products,Soy,True,1,no,
Soy Products,Soy,True,1,no,
Soy milk,Soy,False,1,no,
Soy supplements,Soy,True,1,no,
soy-based products,Soy,True,1,no,
fermented soy beans,Soy,True,1,no,
Non GMO soy,Soy,True,1,no,
fermented soy products,Soy,True,1,no,
soy beans,Soy,True,1,no,
Soybean,Soy,True,1,no,
soja,Soy,True,1,no,
"phytoestrogen-rich foods (soy, flax, sesame)",Soy,True,1,no,
whole soy foods,Soy,False,1,no,
organic soy,Soy,True,1,no,
"whole soy foods like tofu, edamame, and tempeh",Soy,False,1,no,
soy milk,Soy,False,1,no,
soy isoflavone,Soy Isoflavone,True,1,no,
Isoflavonas de soya,Soy Isoflavones,True,1,no,
non-GMO fermented soy isoflavones,Soy Isoflavones,True,1,no,
Soy Milk,Soy Milk,False,1,no,
Soy Nuts,Soy Nuts,True,1,no,
Soy protein,Soy Protein,True,1,no,
soy protein,Soy Protein,True,1,no,
soya products,Soya,False,1,no,
soya bean,Soya Bean,False,1,no,
soya isoflavones,Soya Isoflavones,True,1,no,
Soyabean and Soya products,Soybean,True,1,no,
soybean extracts,Soybean,True,1,no,
soybean and amami bean,Soybean,True,1,no,
spearmint,Spearmint,True,1,no,
spearmint herbal supplements,Spearmint,True,1,no,
spermidine,Spermidine,True,1,no,
Spicy foods,Spicy foods,False,1,no,
Deep Crown Spin,Spin,False,1,no,
Spinach,Spinach,False,1,no,
spinach,Spinach,False,1,no,
spinaci,Spinach,False,1,no,
spirulina-bound,Spirulina,True,1,no,
Spirulina,Spirulina,True,1,no,
spirulina,Spirulina,True,1,no,
spleen 6,Spleen 6,False,1,no,
yellow split peas,Split Peas,False,1,no,
spurredin,Spurredin,False,1,no,
ST JOHN’S WORT,St John's Wort,True,1,no,
St John's wort,St John's Wort,True,1,no,
st john wong,St John's Wort,True,1,no,
Erva de São João,St John's Wort,True,1,no,
erva-de-são-joão,St John's Wort,True,1,no,
St. John’s Wort,St. John's Wort,True,1,no,
St. John’s wort,St. John's Wort,True,1,no,
St. John's Wort,St. John's Wort,True,1,no,
St. John's wort,St. John's Wort,True,1,no,
Starflower Borage Oil capsules,Starflower Borage Oil,True,1,no,
Starflower oil,Starflower Oil,True,1,no,
Starformer IntimaWave,Starformer IntimaWave,False,1,no,
Stay calm,Stay Calm,False,1,no,
Stella,Stella,False,1,no,
stem cell nutrition,Stem Cell Nutrition,True,1,no,
stokrotka,Storktka,False,1,no,
stracchino light,Stracchino Light,False,1,no,
Strawberries,Strawberries,False,1,no,
Strength training,Strength training,False,1,no,
something for stress,Stress,False,1,no,
Gomi Wellness Stress Harmony,Stress Harmony,True,1,no,
Stress and Menopause Relief Bracelet,Stress and Menopause Relief Bracelet,False,1,no,
Sugar,Sugar,False,1,no,
sulforaphane,Sulforaphane,True,1,no,
sulforaphane broccoli extract,Sulforaphane,True,1,no,
Sulforaphane,Sulforaphane,True,1,no,
sunflower seed,Sunflower Seed,False,1,no,
sunflower seeds,Sunflower Seeds,False,1,no,
super balance,Super Balance,True,1,no,
Super Greens Blend,Super Greens,True,1,no,
Doctor Rogers Super Vitamin,Super Vitamin,True,1,no,
Supine Twist,Supine Twist,False,1,no,
Supplement bundle to help reverse Hashimoto's,Supplement bundle,False,1,no,
Supplements & botanicals,Supplements,False,1,no,
Supplements that actually work,Supplements,False,1,no,
some supplements,Supplements,False,1,no,
Svelte,Svelte,False,1,no,
Sweet Bee Organics,Sweet Bee Organics,False,1,no,
Sweet Potatoes,Sweet Potato,False,1,no,
Sweet Spots Labs,Sweet Spots Labs,False,1,no,
Swish,Swish,False,1,no,
Synaptic Bloom Supplement,Synaptic Bloom,True,1,no,
Systemic HRT,Systemic HRT,False,1,no,
T3,T3,True,1,no,
TCM,TCM,True,1,no,
TCM herbs,TCM Herbs,True,1,no,
Your TCM Menopause Support,TCM Menopause Support,True,1,no,
THE UPGRADE,THE UPGRADE,False,1,no,
THRIVE,THRIVE,True,1,no,
trt replacement,TRT,False,1,no,
tag oil,Tagamet,False,1,no,
Tamsen's NYT instant bestselling book,Tamsen's NYT Instant Bestselling Book,False,1,no,
Tamsen’s newsletter,Tamsen’s newsletter,False,1,no,
tangerine peel,Tangerine Peel,True,1,no,
Tangerines,Tangerines,False,1,no,
tannins,Tannins,False,1,no,
taratamine,Tartaric Acid,False,1,no,
Tarte dab and go,Tarte Dab and Go,False,1,no,
Taurine,Taurine,True,1,no,
Taurine and glycine,Taurine,True,1,no,
taurina,Taurine,True,1,no,
Hydrate Tea,Tea,False,1,no,
teas,Tea,False,1,no,
fluids tea,Tea,False,1,no,
tea,Tea,False,1,no,
tea and fibers,Tea,True,1,no,
Team NO STRESS,Team NO STRESS,False,1,no,
tempeh,Tempeh,False,1,no,
Tesamorelin,Tesamorelin,False,1,no,
testosterone hormone,Testosterone,True,1,no,
topical testosterone gel,Testosterone,False,1,no,
testosterone gel,Testosterone,False,1,no,
testosterone therapy,Testosterone,False,1,no,
Androfeme Testosterone cream,Testosterone,True,1,no,
Testosterone Cream,Testosterone,True,1,no,
Test.osterone therapy,Testosterone,True,1,no,
low dose of testosterone,Testosterone,True,1,no,
testosterone injections,Testosterone,False,1,no,
The Testosterone Reset,Testosterone,True,1,no,
The Galveston Diet,The Galveston Diet,False,1,no,
The Healing Library,The Healing Library,False,1,no,
The Hormone Protocol,The Hormone Protocol,False,1,no,
The Hot Girl Menopause Smoothie,The Hot Girl Menopause Smoothie,False,1,no,
The Inside Addition,The Inside Addition,False,1,no,
The Lady Change,The Lady Change,False,1,no,
The Menopause Diet Plan,The Menopause Diet,False,1,no,
"Dr. Haver’s #1 New York Times bestselling book, The New Perimenopause",The New Perimenopause,False,1,no,
The Pause Life supplements,The Pause Life,True,1,no,
The Pause Life,The Pause Life,False,1,no,
The Sleep Doctor,The Sleep Doctor,False,1,no,
The Sleeping Lab,The Sleeping Lab,False,1,no,
The Spring Center,The Spring Center,False,1,no,
The Tapping Solution app,The Tapping Solution,False,1,no,
The Total Me Collective,The Total Me Collective,False,1,no,
ThermaCareHeatwraps,ThermaCare,False,1,no,
Theta Balance,Theta Balance,True,1,no,
Thorne Perimenopause Complete,Thorne Perimenopause Complete,True,1,no,
three,Three,False,1,no,
three delicious gummies,Three Gummies,False,1,no,
Thyroid 300,Thyroid,True,1,no,
thyroid supplements,Thyroid,True,1,no,
Snap Supplements Thyroid Health,Thyroid Health,True,1,no,
Thyroid Support,Thyroid Support,True,1,no,
Thyroid Wellness Bundle,Thyroid Wellness Bundle,True,1,no,
thyroid and adrenal support,Thyroid and Adrenal Support,True,1,no,
tibolone,Tibolone,True,1,no,
Tiffany's,Tiffany's,False,1,no,
Til Chutney,Til Chutney,False,1,no,
TimeWise Repair,TimeWise Repair,True,1,no,
timo,Timo,False,1,no,
tinnitus,Tinnitus,False,1,no,
tirzepatide,Tirzepatide,False,1,no,
tomatoes,Tomatoes,False,1,no,
Top 3 supplements,Top 3,False,1,no,
Gytree's Total Menopause Support,Total Menopause Support,True,1,no,
Trazodone,Trazodone,False,1,no,
Tretinoin Active Renewal Cream,Tretinoin,True,1,no,
tri-ayuda,Tri-Ayuda,False,1,no,
tri-ve mel,Tri-Ve Mel,True,1,no,
Tribulus fruit extract,Tribulus,True,1,no,
tribulus,Tribulus,True,1,no,
TrimRx,TrimRx,True,1,no,
trimsticks,Trimsticks,True,1,no,
Trinello Superbalance,Trinello Superbalance,True,1,no,
Trip Dream Drops,Trip Dream Drops,False,1,no,
tripe,Tripe,False,1,no,
triterpene glycosides,Triterpene Glycosides,True,1,no,
tryptophan,Tryptophan,True,1,no,
Tukka,Tukka,False,1,no,
tulsi,Tulsi,True,1,no,
tuna,Tuna,False,1,no,
liquid turmeric,Turmeric,True,1,no,
Turmeric (Curcumin 95% extract),Turmeric,True,1,no,
Turmeric Blend,Turmeric,True,1,no,
turmeric and ginger,Turmeric,True,1,no,
Turmeric and ginger,Turmeric,True,1,no,
type 2 collagen,Type 2 Collagen,True,1,no,
Tyrosine,Tyrosine,True,1,no,
UPSA FEM PERIMENO,UPSA FEM PERIMENO,False,1,no,
URO,URO,False,1,no,
URO feminine moisture and mood,URO,True,1,no,
UTI Capsules,UTI Capsules,True,1,no,
Uberlube,Uberlube,False,1,no,
Undieting Collective,Undieting Collective,False,1,no,
UpFi'r™,UpFi'r,True,1,no,
Upsa FEM Perimeno Perimenopause Supplements for Women,Upsa FEM,True,1,no,
Uro,Uro,False,1,no,
Urolithin A,Urolithin A,True,1,no,
Urology of Indiana’s new Center For Menopause,Urology of Indiana’s new Center For Menopause,False,1,no,
Utrogestran,Utrogestran,True,1,no,
Joylux V-Fit,V-Fit,True,1,no,
YES vaginal lubricant,Vaginal Lubricant,False,1,no,
Vaginox,Vaginox,False,1,no,
Vajee Care,Vajee Care,False,1,no,
Valeriana officinalis,Valerian,True,1,no,
Valerian roots,Valerian,True,1,no,
Valerian,Valerian,True,1,no,
Valsava Maneuvar,Valsava Maneuvar,False,1,no,
various vitamins and essential trace elements such as calcium and iron,Various Vitamins,True,1,no,
vegetable oils,Vegetable Oils,False,1,no,
low-FODMAP vegetarian foods,Vegetarian Foods,False,1,no,
vegetarian-friendly supplement,Vegetarian-Friendly Supplement,True,1,no,
venlafaxine,Venlafaxine,False,1,no,
collagen with Verisol and Fortabone,Verisol,True,1,no,
collagen with Verisol and Fortibone,Verisol,True,1,no,
collagen with Verisol,Verisol,True,1,no,
Verisol®,Verisol,True,1,no,
Verisol Collagen,Verisol Collagen,True,1,no,
vernodolin,Vernodolin,False,1,no,
Viactiv's caramel-flavored soft chews,Viactiv,True,1,no,
Viagra,Viagra,False,1,no,
Vibranity Blend,Vibranity Blend,True,1,no,
Vibration Plate,Vibration Plate,False,1,no,
vinegar,Vinegar,False,1,no,
VITA protocol,Vita Protocol,True,1,no,
Vita Zella,Vita Zella,True,1,no,
Vitafem,Vitafem,True,1,no,
Vitaleedi menopausi kapsel,Vitaleedi,True,1,no,
Vitality Program,Vitality Program,False,1,no,
Vitaliz for women,Vitaliz,True,1,no,
Vitalize,Vitalize,True,1,no,
vitamin deficiency,Vitamin,True,1,no,
broad range of vitamins,Vitamin,True,1,no,
IV vitamin therapy,Vitamin,True,1,no,
liquid vitamins,Vitamin,True,1,no,
methylated vitamins,Vitamin,True,1,no,
these vitamins,Vitamin,True,1,no,
13 essential vitamins & minerals,Vitamin,True,1,no,
วิตตามิน,Vitamin,True,1,no,
VITAMIN,Vitamin,True,1,no,
liposomal vitamin,Vitamin,True,1,no,
Smartypants Vitamin,Vitamin,True,1,no,
MENO MENOPAUSE VITAMIN CAPSULES,Vitamin,True,1,no,
витамины,Vitamin,True,1,no,
gummy vitamin supplements,Vitamin,True,1,no,
vitamin capsules,Vitamin,True,1,no,
Vitamin Plus,Vitamin,True,1,no,
my vitamins,Vitamin,True,1,no,
V,Vitamin,True,1,no,
VITAMINS,Vitamin,True,1,no,
Kindra’s daily V lotion,Vitamin,True,1,no,
"vitamins A, C, biotin, iron, and zinc",Vitamin A,True,1,no,
Vitamina A,Vitamin A,True,1,no,
"fat-soluble vitamins (A, D, E, K)",Vitamin A,True,1,no,
vitamins A,Vitamin A,True,1,no,
vitamin a,Vitamin A,True,1,no,
"Vitaminas A, D, E y K + omega 3",Vitamin A,True,1,no,
vitamina B,Vitamin B,True,1,no,
Vitamina B Complejo Activo,Vitamin B,True,1,no,
Vitamina B,Vitamin B,True,1,no,
Methylated Vitamin B Complex,Vitamin B,True,1,no,
Vitamin B-complex,Vitamin B,True,1,no,
vitamin B400,Vitamin B,True,1,no,
vitamin b,Vitamin B,True,1,no,
Vitamin B Complex (B6 & B12),Vitamin B,True,1,no,
vitaminas del grupo b,Vitamin B,True,1,no,
Vitamins B 5 and B 6,Vitamin B,True,1,no,
Well Guard vitamin B complex,Vitamin B Complex,True,1,no,
"Vitamin B Complex (terutama B6, B12 & folate)",Vitamin B Complex,True,1,no,
vitamin of complex B,Vitamin B Complex,True,1,no,
Vitamin B-6,Vitamin B-6,True,1,no,
vegan B12,Vitamin B12,True,1,no,
Methylcobalamin,Vitamin B12,True,1,no,
b12,Vitamin B12,True,1,no,
B12 combo,Vitamin B12,True,1,no,
B-12,Vitamin B12,True,1,no,
B12 injections,Vitamin B12,True,1,no,
Vitamina B12,Vitamin B12,True,1,no,
B3,Vitamin B3,True,1,no,
vitamin B3,Vitamin B3,True,1,no,
vitamin B5,Vitamin B5,True,1,no,
b6,Vitamin B6,True,1,no,
Complex B6 and B12,Vitamin B6,True,1,no,
Vitamina B6,Vitamin B6,True,1,no,
pyridoxine,Vitamin B6,True,1,no,
Έλαιο Νυχτολούλουδου με βιταμίνες Β6 & Ε,Vitamin B6,True,1,no,
vitamins B6 and B12,Vitamin B6,True,1,no,
Vitamin B6 and B12,Vitamin B6,True,1,no,
vitamin B6 or pyridoxine,Vitamin B6,True,1,no,
Vitamin B6 (P5P),Vitamin B6,True,1,no,
Vitamins B6 & B12,Vitamin B6,True,1,no,
B6 vitamins,Vitamin B6,True,1,no,
vitamin B7,Vitamin B7,True,1,no,
Vitamin B9,Vitamin B9,True,1,no,
vitaminc,Vitamin C,True,1,no,
vitamin C supplement,Vitamin C,True,1,no,
Asta C Serum,Vitamin C,True,1,no,
immune vitamins,Vitamin C,True,1,no,
vit c,Vitamin C,True,1,no,
natural vitamin C,Vitamin C,True,1,no,
Witamina C i E,Vitamin C,True,1,no,
vitamins C,Vitamin C,True,1,no,
vitamina c,Vitamin C,True,1,no,
Cymbiotika Vitamin C pack,Vitamin C,True,1,no,
VITAMIN C,Vitamin C,True,1,no,
Oranges,Vitamin C,True,1,no,
vSculpt,Vitamin D,True,1,no,
vitamind,Vitamin D,True,1,no,
Vitamin D3 w/K2,Vitamin D,True,1,no,
two supplements,Vitamin D,True,1,no,
VIT D/ K2,Vitamin D,True,1,no,
DARAVIT WOMAN,Vitamin D,True,1,no,
vitD,Vitamin D,True,1,no,
Menopause vits,Vitamin D,True,1,no,
Biologicals Research D3K2 emulsion,Vitamin D,True,1,no,
Vit D 3 with K2,Vitamin D,True,1,no,
D3 K2,Vitamin D,True,1,no,
vitamin D (and possibly vitamin D5),Vitamin D,True,1,no,
Vitamin D + K,Vitamin D,True,1,no,
Necessary Nutrition Vitamin D3 plus K2,Vitamin D,True,1,no,
Vitamin D/Omega3/Vitamin K combo,Vitamin D,True,1,no,
Vitamin D & Calcium,Vitamin D,True,1,no,
vitamin 3in1,Vitamin D,True,1,no,
"Vitamin D, Vitamin K, and Omega-3",Vitamin D,True,1,no,
"Vitamin D, vitamin K, and omega-3 fatty acids",Vitamin D,True,1,no,
Vitamin D + Vitamin K,Vitamin D,True,1,no,
options,Vitamin D,True,1,no,
Vitamin d,Vitamin D,True,1,no,
vitamin D3 with calcium,Vitamin D,True,1,no,
vitamin D3 plus K,Vitamin D,True,1,no,
vitamin D and K2,Vitamin D,True,1,no,
K2 + D3,Vitamin D,True,1,no,
Vitamin D₃ + K₂,Vitamin D,True,1,no,
Vit D3 + K2,Vitamin D,True,1,no,
Vitamin D supplement,Vitamin D,True,1,no,
vitamin D3 K2,Vitamin D,True,1,no,
Vitamin D + K + Omega-3s,Vitamin D,True,1,no,
Vitamin D (+ K2),Vitamin D,True,1,no,
d3k2,Vitamin D,True,1,no,
high strength vitamin D,Vitamin D,True,1,no,
five yes five vitamin D tablets,Vitamin D,True,1,no,
K2 D3,Vitamin D,True,1,no,
vitamin D complex,Vitamin D,True,1,no,
vitamin K2D3,Vitamin D,True,1,no,
deivitamin,Vitamin D,True,1,no,
tansıka kahvitaminine,Vitamin D,True,1,no,
D3+ K2 drops,Vitamin D,True,1,no,
children's vitamin d,Vitamin D,True,1,no,
D3 plus K2,Vitamin D,True,1,no,
D-vitamiin + K2,Vitamin D,True,1,no,
vitamin D3+K2,Vitamin D,True,1,no,
"4,000 international units of vitamin D daily",Vitamin D,True,1,no,
vitamin d3,Vitamin D,True,1,no,
Vitamin D + Omega 3 + K2,Vitamin D,True,1,no,
Vitamin D and calcium,Vitamin D,True,1,no,
Vitamin D plus K,Vitamin D,True,1,no,
витамин D,Vitamin D,True,1,no,
vitamin D + calcium,Vitamin D,True,1,no,
Osteo Disc of vitamin D,Vitamin D,True,1,no,
vitamin D with vitamin K,Vitamin D,True,1,no,
vitamin D3 + K2,Vitamin D,True,1,no,
vitamin K2 with D3,Vitamin D,True,1,no,
Witamina D,Vitamin D,True,1,no,
vitamins D,Vitamin D,True,1,no,
Vitamin D + Calcium,Vitamin D,True,1,no,
Vitamin D3 and K2,Vitamin D,True,1,no,
D vitamini,Vitamin D,True,1,no,
維生素D,Vitamin D,True,1,no,
vitamin d3k2,Vitamin D,True,1,no,
D3 and K2,Vitamin D,True,1,no,
Vitamin D3K2,Vitamin D,True,1,no,
the right approach,Vitamin D,True,1,no,
Viosa,Vitamin D,True,1,no,
calcium+ vitamin D,Vitamin D,True,1,no,
the back one,Vitamin D,True,1,no,
Витамин Д,Vitamin D,True,1,no,
Vitamin D3 600,Vitamin D,True,1,no,
the products,Vitamin D,True,1,no,
Vitamin D + calcium,Vitamin D,True,1,no,
high dose vitamin e,Vitamin E,True,1,no,
Vitamin E (tocotrienols),Vitamin E,True,1,no,
Vitamin E Bath Oil,Vitamin E,True,1,no,
Vitamin E oil,Vitamin E,True,1,no,
"Vitamins E, G, C, plus citrus polyphenols and l-theanine",Vitamin E,True,1,no,
vitamins E,Vitamin E,True,1,no,
Vitamin K2 (MK-7),Vitamin K,True,1,no,
Vitamina K2,Vitamin K,True,1,no,
vitamin k2,Vitamin K,True,1,no,
Black Girl Vitamin Meno Chill,Vitamin Meno Chill,True,1,no,
Black Girl Vitamin Menochill,Vitamin Menochill,True,1,no,
Daily V Lotion,Vitamin V,True,1,no,
These vitamins,Vitamins,True,1,no,
GNC VITAPAKS FOR WOMEN,Vitapaks,True,1,no,
Vitex or Chaste Tree,Vitex,True,1,no,
Vitex (Chasteberry),Vitex,True,1,no,
Vitex (chasteberry),Vitex,True,1,no,
vitex agnus castus,Vitex Agnus Castus,True,1,no,
Mönchspfeffer (Vitex agnus-castus),Vitex Agnus-Castus,True,1,no,
Vitrazen,Vitrazen,True,1,no,
Viva Safe Soothe,Viva Safe Soothe,True,1,no,
Vivel dot,Vivel,False,1,no,
Vivelle dot,Vivelle,True,1,no,
Viviscal Hair Growth Supplements,Viviscal,True,1,no,
Viviscal Professional,Viviscal,True,1,no,
Viviscal Pro,Viviscal Pro,True,1,no,
Vivix,Vivix,True,1,no,
volu filline,Volu Filline,False,1,no,
Walgreens,Walgreens,False,1,no,
Walking,Walking,False,1,no,
Wanderlust Wise Woman - Day,Wanderlust Wise Woman,False,1,no,
Wanderlust Wise Woman - Night,Wanderlust Wise Woman,False,1,no,
water bottles,Water,False,1,no,
Water Sangemini,Water,False,1,no,
Water Sampellegrino,Water,False,1,no,
Water Oliveto,Water Oliveto,False,1,no,
Water Rosetta,Water Rosetta,False,1,no,
Water Santana,Water Santana,False,1,no,
Watermelon,Watermelon,False,1,no,
Wegovy,Wegovy,True,1,no,
menopause weight support,Weight Support,True,1,no,
WeightWatchers for Menopause,WeightWatchers,False,1,no,
WellGuard Gold Standard Electrolytes,WellGuard Gold Standard,True,1,no,
Wellness 40+,Wellness 40+,True,1,no,
whatever has 30 years of research behind it,Whatever,False,1,no,
WHEY PROTEIN,Whey Protein,True,1,no,
vanilla whey protein isolate,Whey Protein,True,1,no,
whey isolated protein,Whey Protein,True,1,no,
white grape menopause gummies,White Grape,True,1,no,
White Mulberry,White Mulberry,True,1,no,
Wild Salmon,Wild Salmon,False,1,no,
Annas Wild Yam Cream,Wild Yam,True,1,no,
wild yam oil,Wild Yam,True,1,no,
Anna's Wild Yam cream,Wild Yam,True,1,no,
Anna's Wild Yam Cream,Wild Yam,True,1,no,
wild yam root,Wild Yam,True,1,no,
Wild Yam cream,Wild Yam,True,1,no,
Wild Yams,Wild Yam,True,1,no,
Wild yam cream,Wild Yam,True,1,no,
Wild Yam Essence,Wild Yam,True,1,no,
Clean Nutra Wild Yam Root Capsules with Red Clover Black Cohosh Evening Primrose Oil Chasteberry Dong Quai DIM Ashwagandha Grape Seed Extract Milk Thistle Lemon Balm,Wild Yam,True,1,no,
Wild Yam,Wild Yam,True,1,no,
witch hazel,Witch Hazel,True,1,no,
wol do primo,Wol Do Primo,True,1,no,
Womaness™️,Womaness,True,1,no,
U WOMEN,Women,True,1,no,
Earthful Women 40+ multivitamin,Women 40+ Multivitamin,True,1,no,
Daily Defense Women Support,Women Support,True,1,no,
Mary Ruth's Women's 40 Multivitamin Gummies,Women's 40 Multivitamin,True,1,no,
Reload Women's 50+ formula,Women's 50+,True,1,no,
Women's Complete Probiotic,Women's Complete Probiotic,True,1,no,
Women's Daily Sleep Support,Women's Daily,True,1,no,
women's health,Women's Health,False,1,no,
우먼멀티플러스,Women's Multi,True,1,no,
Women's Multi 50 Plus,Women's Multi,True,1,no,
Women's Multivitamin Gummies,Women's Multivitamin,True,1,no,
Women's Vitapak,Women's Vitapak,True,1,no,
women's wellness supplements,Women's Wellness,False,1,no,
Womenli Meno Supplement,Womenli Meno,True,1,no,
Women’s balancing formula,Women’s Balancing Formula,True,1,no,
XClear,XClear,False,1,no,
Xanax,Xanax,False,1,no,
Chinese and Japanese yams,Yam,True,1,no,
yam cream,Yam,True,1,no,
Yerba mate tea,Yerba Mate,True,1,no,
yerba mate,Yerba Mate,True,1,no,
yin yoga,Yin Yoga,False,1,no,
book BEAT MENOPAUSE WITH YOGA: HOW TO GET INCREDIBLE RESULTS AT HOME,Yoga,False,1,no,
yoni steaming,Yoni Steaming,False,1,no,
Youth Factor Vitality Complex,Youth Factor Vitality Complex,True,1,no,
Yuzhen Menopause Support,Yuzhen Menopause Support,True,1,no,
Yuzucare Menopause Support Supplement for Women,Yuzucare,True,1,no,
Yū Total Hormone Balance,Yū Total Hormone Balance,True,1,no,
ZOMBIES,ZOMBIES,False,1,no,
zalanic acid,Zalanic Acid,False,1,no,
Zalizo,Zalizo,False,1,no,
Zantac,Zantac,True,1,no,
жен'ска zdravo'ia,Zdravo,False,1,no,
zeaxanthin,Zeaxanthin,True,1,no,
nighttime Zen,Zen,False,1,no,
zenafit,Zenafit,True,1,no,
Her Zenergy,Zenergy,True,1,no,
Her Zenergy drops,Zenergy,True,1,no,
Zinc bis-glycinate,Zinc,True,1,no,
zinc and vitamin C,Zinc,True,1,no,
Zinc Picolinate,Zinc,True,1,no,
zinco,Zinc,True,1,no,
Zinc + Selenium,Zinc,True,1,no,
ZipFit,ZipFit,False,1,no,
Zoralto,Zoralto,True,1,no,
zoyava,Zoyava,False,1,no,
Zyrtec/Pepcid,Zyrtec,True,1,no,
acne,acne,False,1,no,
acne supplements,acne,False,1,no,
added sugars,added sugars,False,1,no,
altered taste,altered taste,False,1,no,
anti-inflammatory diet,anti-inflammatory diet,False,1,no,
anxiety,anxiety,False,1,no,
"anxiety, depression and panic attacks",anxiety,False,1,no,
beautiful skin,beautiful skin,False,1,no,
bloating,bloating,False,1,no,
blood thinner,blood thinner,False,1,no,
blueprint program,blueprint program,False,1,no,
camel,camel,False,1,no,
cauliflower,cauliflower,False,1,no,
chickpeas,chickpeas,False,1,no,
chronic stress,chronic stress,False,1,no,
cognition,cognition,False,1,no,
cognitive behavioral therapy,cognitive behavioral therapy,False,1,no,
cold plunges,cold plunges,False,1,no,
controversial foods,controversial foods,False,1,no,
cruciform vegetables,cruciferous vegetables,False,1,no,
cryotherapy,cryotherapy,False,1,no,
dizziness,dizziness,False,1,no,
drugs,drugs,False,1,no,
e-Surgery,e-Surgery,False,1,no,
electric shock sensations,electric shock sensations,False,1,no,
excitement,excitement,False,1,no,
exercising more,exercising more,False,1,no,
foods that naturally fight inflammation,foods that naturally fight inflammation,False,1,no,
grounding shoes,grounding shoes,False,1,no,
hairtopper,hairtopper,False,1,no,
home menopause test,home menopause test,False,1,no,
hormonal treatment,hormonal treatment,False,1,no,
iCare,iCare,False,1,no,
immune support,immune support,False,1,no,
kajal longwear eyeliner,kajal longwear eyeliner,False,1,no,
lash serum,lash serum,False,1,no,
low dose birth control pill,low dose birth control pill,False,1,no,
meal plan,meal plan,False,1,no,
mental chill,mental chill,False,1,no,
metabolic supplement,metabolic supplement,False,1,no,
mini rebounder,mini rebounder,False,1,no,
multisymptom,multisymptom,False,1,no,
muscles,muscles,False,1,no,
my hair,my hair,False,1,no,
my own solution,my own solution,False,1,no,
my proven supplements,my proven supplements,False,1,no,
my-proven-supplements,my-proven-supplements,False,1,no,
nervous system calm,nervous system calm,False,1,no,
night sweats,night sweats,False,1,no,
non-hormonal HRT options,non-hormonal HRT,False,1,no,
non-hormonal lubricants,non-hormonal lubricants,False,1,no,
non-hormonal treatments,non-hormonal treatments,False,1,no,
nurse practitioner,nurse practitioner,False,1,no,
oral medications,oral medications,False,1,no,
oral triseptide,oral triseptide,False,1,no,
pellet implant,pellet implant,False,1,no,
pelvic floor physical therapy,pelvic floor physical therapy,False,1,no,
pelvic floor physio,pelvic floor physio,False,1,no,
plants,plants,False,1,no,
proprietary blend,proprietary blend,False,1,no,
regular physical activity,regular physical activity,False,1,no,
sexual dysfunction,sexual dysfunction,False,1,no,
skipping meals,skipping meals,False,1,no,
sleep disturbances,sleep disturbances,False,1,no,
soleus muscle,soleus muscle,False,1,no,
spicy foods,spicy foods,False,1,no,
stimulants,stimulants,False,1,no,
stress reduction,stress reduction,False,1,no,
stress support,stress support,False,1,no,
stretching,stretching,False,1,no,
the device,the device,False,1,no,
vFit,vFit,True,1,no,
wall exercises,wall exercises,False,1,no,
weight loss,weight loss,False,1,no,
weight‑loss pens,weight-loss pens,False,1,no,
women’s health specialist,women’s health specialist,False,1,no,
Ákira,Ákira,False,1,no,
Ámaya,Ámaya,False,1,no,
витамины проверенных брендов,Витамины,True,1,no,
МГТ,МГТ,False,1,no,
фітогестогенами,Фітогестогенами,False,1,no,
Щитовидки,Щитовидки,True,1,no,
優酪乳,優酪乳,False,1,no,
경옥고,경옥고,False,1,no,
특허받은 유산균캡슐,유산균,True,1,no,
